"NA.","token_id","num_sales","image_url","order_created_date","listing_timestamp","listing_expires_timestamp","seller","seller_address","price","price_token","name","image","x","y","description","area","width","depth","height","elevation","island","title","url","suburb","order_closing_date"
NA,"3961",2,"https://lh3.googleusercontent.com/EMIDp8uXVAyX_Re7ijsCaPew4WwoCIqie8sTfImZwGjy3rN6yfQNjGFC8pnpPn9wyur3j7pcY4OdS9CbpHTrdeoYjV2YbHk4OIngZQ","2021-06-11T23:51:51.099509",1623455406,1623459704,NA,"0xfa97c8b9d289fd2a66e1fb14557f53b6d818d0b5",2.2032,"ETH","4 Axel-Springer-Str","https://map.cryptovoxels.com/tile/parcel?x=-6.83&y=-6.645","-6.83","-6.645","146m² parcel on Berlin, 943m from the origin, with a 11m build height, floor is at 0m elevation",146.789991018366,21,7,11,0,"Berlin","plot","https://www.cryptovoxels.com/parcels/3961",NA,"2021-06-12T01:01:44"
NA,"4964",1,"https://lh3.googleusercontent.com/eDy5Tj4PrBT_GbiDUGzPRIb7-J9y9W-nSo8wZ8NOFvvf32y0dTddQg59ZOEbmEq5v795ApUxqsNmE9rCqc9qzS8edCE2dwOmhtGXZQ","2021-06-11T23:50:01.579884",1623455296,1623548914,NA,"0x3644c67ba7738046994b7134fd10ab9895504170",2.3012,"ETH","2 Earnest Lane","https://map.cryptovoxels.com/tile/parcel?x=-65.31&y=1.145","-65.31","1.145","142m² parcel on Vibes, 6524m from the origin, with a 13m build height, floor is at 0m elevation",142.889994556106,13,11,13,0,"Vibes","plot","https://www.cryptovoxels.com/parcels/4964",NA,"2021-06-13T01:48:34"
NA,"4934",1,"https://lh3.googleusercontent.com/-xFzoNjV7oaZCzjOOarxSH89XfhPXhAIn7ehQcwOy6i0XBUHdXMcRHT2G3G5u3yfj6inMXL57Exksgmy4r4FOTEKa3ziu9cAdWr2NA","2021-06-11T23:44:31.139940",1623454968,1624059866,"zoli","0x65c671aa1653a28bc6d16c31a4597ed677fff45d",2.35,"ETH","31 Thriving Quadrant","https://map.cryptovoxels.com/tile/parcel?x=-66.72&y=-0.93","-66.72","-0.93","189m² parcel on Vibes, 6663m from the origin, with a 8m build height, floor is at 0m elevation",189.899995050993,19,10,8,0,"Vibes","plot","https://www.cryptovoxels.com/parcels/4934",NA,"2021-06-18T23:44:26"
NA,"3961",2,"https://lh3.googleusercontent.com/EMIDp8uXVAyX_Re7ijsCaPew4WwoCIqie8sTfImZwGjy3rN6yfQNjGFC8pnpPn9wyur3j7pcY4OdS9CbpHTrdeoYjV2YbHk4OIngZQ","2021-06-11T23:41:35.122941",1623454793,1623459092,NA,"0xfa97c8b9d289fd2a66e1fb14557f53b6d818d0b5",2.2032,"ETH","4 Axel-Springer-Str","https://map.cryptovoxels.com/tile/parcel?x=-6.83&y=-6.645","-6.83","-6.645","146m² parcel on Berlin, 943m from the origin, with a 11m build height, floor is at 0m elevation",146.789991018366,21,7,11,0,"Berlin","plot","https://www.cryptovoxels.com/parcels/3961",NA,"2021-06-12T00:51:32"
NA,"3961",2,"https://lh3.googleusercontent.com/EMIDp8uXVAyX_Re7ijsCaPew4WwoCIqie8sTfImZwGjy3rN6yfQNjGFC8pnpPn9wyur3j7pcY4OdS9CbpHTrdeoYjV2YbHk4OIngZQ","2021-06-11T23:30:29.145616",1623454126,1623458424,NA,"0xfa97c8b9d289fd2a66e1fb14557f53b6d818d0b5",2.2032,"ETH","4 Axel-Springer-Str","https://map.cryptovoxels.com/tile/parcel?x=-6.83&y=-6.645","-6.83","-6.645","146m² parcel on Berlin, 943m from the origin, with a 11m build height, floor is at 0m elevation",146.789991018366,21,7,11,0,"Berlin","plot","https://www.cryptovoxels.com/parcels/3961",NA,"2021-06-12T00:40:24"
NA,"3961",2,"https://lh3.googleusercontent.com/EMIDp8uXVAyX_Re7ijsCaPew4WwoCIqie8sTfImZwGjy3rN6yfQNjGFC8pnpPn9wyur3j7pcY4OdS9CbpHTrdeoYjV2YbHk4OIngZQ","2021-06-12T00:22:56.909241",1623457271,1623461569,NA,"0xfa97c8b9d289fd2a66e1fb14557f53b6d818d0b5",2.2032,"ETH","4 Axel-Springer-Str","https://map.cryptovoxels.com/tile/parcel?x=-6.83&y=-6.645","-6.83","-6.645","146m² parcel on Berlin, 943m from the origin, with a 11m build height, floor is at 0m elevation",146.789991018366,21,7,11,0,"Berlin","plot","https://www.cryptovoxels.com/parcels/3961",NA,"2021-06-12T01:32:49"
NA,"4915",1,"https://lh3.googleusercontent.com/JZKYbW2ftyLfudhHmkCqqjGxrnagw7mvQn0dmZyAZTgH6NQq81lJVYRnx9B0X0d-Fs5UkD0dr3P6FPk5mNKk9fQtXksx3sf26dwyoA","2021-06-12T00:17:47.805999",1623456964,0,NA,"0x5ec3f2498e544a9e94eb6aaee312e7bfd42374dd",2.98,"ETH","7 Appealing Gardens","https://map.cryptovoxels.com/tile/parcel?x=-65.67&y=-1.085","-65.67","-1.085","206m² parcel on Vibes, 6562m from the origin, with a 9m build height, floor is at 0m elevation",206.910008445168,9,23,9,0,"Vibes","plot","https://www.cryptovoxels.com/parcels/4915",NA,NA
NA,"4896",1,"https://lh3.googleusercontent.com/lBdMrUN3HSslfGBiLfBIJoxI960nYPkejlTaGjba4OfA3JR7sBEnnGUeXj1ovYAvoW0A5r5EHQb7Y3kMrySWkkJ2YKpbqIMma2Sf","2021-06-12T00:17:15.411924",1623456931,0,NA,"0x5ec3f2498e544a9e94eb6aaee312e7bfd42374dd",4.5,"ETH","5 Bravo Field","https://map.cryptovoxels.com/tile/parcel?x=-64.95&y=-0.12","-64.95","-0.12","339m² parcel on Vibes, 6487m from the origin, with a 16m build height, floor is at 0m elevation",339.799990101994,17,20,16,0,"Vibes","plot","https://www.cryptovoxels.com/parcels/4896",NA,NA
NA,"3961",2,"https://lh3.googleusercontent.com/EMIDp8uXVAyX_Re7ijsCaPew4WwoCIqie8sTfImZwGjy3rN6yfQNjGFC8pnpPn9wyur3j7pcY4OdS9CbpHTrdeoYjV2YbHk4OIngZQ","2021-06-12T00:12:31.685338",1623456649,1623460948,NA,"0xfa97c8b9d289fd2a66e1fb14557f53b6d818d0b5",2.2032,"ETH","4 Axel-Springer-Str","https://map.cryptovoxels.com/tile/parcel?x=-6.83&y=-6.645","-6.83","-6.645","146m² parcel on Berlin, 943m from the origin, with a 11m build height, floor is at 0m elevation",146.789991018366,21,7,11,0,"Berlin","plot","https://www.cryptovoxels.com/parcels/3961",NA,"2021-06-12T01:22:28"
NA,"3961",2,"https://lh3.googleusercontent.com/EMIDp8uXVAyX_Re7ijsCaPew4WwoCIqie8sTfImZwGjy3rN6yfQNjGFC8pnpPn9wyur3j7pcY4OdS9CbpHTrdeoYjV2YbHk4OIngZQ","2021-06-12T00:01:50.306349",1623456003,1623460302,NA,"0xfa97c8b9d289fd2a66e1fb14557f53b6d818d0b5",2.2032,"ETH","4 Axel-Springer-Str","https://map.cryptovoxels.com/tile/parcel?x=-6.83&y=-6.645","-6.83","-6.645","146m² parcel on Berlin, 943m from the origin, with a 11m build height, floor is at 0m elevation",146.789991018366,21,7,11,0,"Berlin","plot","https://www.cryptovoxels.com/parcels/3961",NA,"2021-06-12T01:11:42"
NA,"3961",2,"https://lh3.googleusercontent.com/EMIDp8uXVAyX_Re7ijsCaPew4WwoCIqie8sTfImZwGjy3rN6yfQNjGFC8pnpPn9wyur3j7pcY4OdS9CbpHTrdeoYjV2YbHk4OIngZQ","2021-06-12T00:53:57.588535",1623459132,1623463431,NA,"0xfa97c8b9d289fd2a66e1fb14557f53b6d818d0b5",2.2032,"ETH","4 Axel-Springer-Str","https://map.cryptovoxels.com/tile/parcel?x=-6.83&y=-6.645","-6.83","-6.645","146m² parcel on Berlin, 943m from the origin, with a 11m build height, floor is at 0m elevation",146.789991018366,21,7,11,0,"Berlin","plot","https://www.cryptovoxels.com/parcels/3961",NA,"2021-06-12T02:03:51"
NA,"3961",2,"https://lh3.googleusercontent.com/EMIDp8uXVAyX_Re7ijsCaPew4WwoCIqie8sTfImZwGjy3rN6yfQNjGFC8pnpPn9wyur3j7pcY4OdS9CbpHTrdeoYjV2YbHk4OIngZQ","2021-06-12T00:43:33.066126",1623458508,1623462807,NA,"0xfa97c8b9d289fd2a66e1fb14557f53b6d818d0b5",2.2032,"ETH","4 Axel-Springer-Str","https://map.cryptovoxels.com/tile/parcel?x=-6.83&y=-6.645","-6.83","-6.645","146m² parcel on Berlin, 943m from the origin, with a 11m build height, floor is at 0m elevation",146.789991018366,21,7,11,0,"Berlin","plot","https://www.cryptovoxels.com/parcels/3961",NA,"2021-06-12T01:53:27"
NA,"3961",2,"https://lh3.googleusercontent.com/EMIDp8uXVAyX_Re7ijsCaPew4WwoCIqie8sTfImZwGjy3rN6yfQNjGFC8pnpPn9wyur3j7pcY4OdS9CbpHTrdeoYjV2YbHk4OIngZQ","2021-06-12T00:32:47.787772",1623457863,1623462161,NA,"0xfa97c8b9d289fd2a66e1fb14557f53b6d818d0b5",2.2032,"ETH","4 Axel-Springer-Str","https://map.cryptovoxels.com/tile/parcel?x=-6.83&y=-6.645","-6.83","-6.645","146m² parcel on Berlin, 943m from the origin, with a 11m build height, floor is at 0m elevation",146.789991018366,21,7,11,0,"Berlin","plot","https://www.cryptovoxels.com/parcels/3961",NA,"2021-06-12T01:42:41"
NA,"3961",2,"https://lh3.googleusercontent.com/EMIDp8uXVAyX_Re7ijsCaPew4WwoCIqie8sTfImZwGjy3rN6yfQNjGFC8pnpPn9wyur3j7pcY4OdS9CbpHTrdeoYjV2YbHk4OIngZQ","2021-06-12T01:25:02.841391",1623461000,1623465298,NA,"0xfa97c8b9d289fd2a66e1fb14557f53b6d818d0b5",2.2032,"ETH","4 Axel-Springer-Str","https://map.cryptovoxels.com/tile/parcel?x=-6.83&y=-6.645","-6.83","-6.645","146m² parcel on Berlin, 943m from the origin, with a 11m build height, floor is at 0m elevation",146.789991018366,21,7,11,0,"Berlin","plot","https://www.cryptovoxels.com/parcels/3961",NA,"2021-06-12T02:34:58"
NA,"3961",2,"https://lh3.googleusercontent.com/EMIDp8uXVAyX_Re7ijsCaPew4WwoCIqie8sTfImZwGjy3rN6yfQNjGFC8pnpPn9wyur3j7pcY4OdS9CbpHTrdeoYjV2YbHk4OIngZQ","2021-06-12T01:14:31.609585",1623460369,1623464668,NA,"0xfa97c8b9d289fd2a66e1fb14557f53b6d818d0b5",2.2032,"ETH","4 Axel-Springer-Str","https://map.cryptovoxels.com/tile/parcel?x=-6.83&y=-6.645","-6.83","-6.645","146m² parcel on Berlin, 943m from the origin, with a 11m build height, floor is at 0m elevation",146.789991018366,21,7,11,0,"Berlin","plot","https://www.cryptovoxels.com/parcels/3961",NA,"2021-06-12T02:24:28"
NA,"3961",2,"https://lh3.googleusercontent.com/EMIDp8uXVAyX_Re7ijsCaPew4WwoCIqie8sTfImZwGjy3rN6yfQNjGFC8pnpPn9wyur3j7pcY4OdS9CbpHTrdeoYjV2YbHk4OIngZQ","2021-06-12T01:03:41.247388",1623459713,1623464011,NA,"0xfa97c8b9d289fd2a66e1fb14557f53b6d818d0b5",2.2032,"ETH","4 Axel-Springer-Str","https://map.cryptovoxels.com/tile/parcel?x=-6.83&y=-6.645","-6.83","-6.645","146m² parcel on Berlin, 943m from the origin, with a 11m build height, floor is at 0m elevation",146.789991018366,21,7,11,0,"Berlin","plot","https://www.cryptovoxels.com/parcels/3961",NA,"2021-06-12T02:13:31"
NA,"3961",2,"https://lh3.googleusercontent.com/EMIDp8uXVAyX_Re7ijsCaPew4WwoCIqie8sTfImZwGjy3rN6yfQNjGFC8pnpPn9wyur3j7pcY4OdS9CbpHTrdeoYjV2YbHk4OIngZQ","2021-06-12T01:55:53.823799",1623462851,1623467149,NA,"0xfa97c8b9d289fd2a66e1fb14557f53b6d818d0b5",2.2032,"ETH","4 Axel-Springer-Str","https://map.cryptovoxels.com/tile/parcel?x=-6.83&y=-6.645","-6.83","-6.645","146m² parcel on Berlin, 943m from the origin, with a 11m build height, floor is at 0m elevation",146.789991018366,21,7,11,0,"Berlin","plot","https://www.cryptovoxels.com/parcels/3961",NA,"2021-06-12T03:05:49"
NA,"3961",2,"https://lh3.googleusercontent.com/EMIDp8uXVAyX_Re7ijsCaPew4WwoCIqie8sTfImZwGjy3rN6yfQNjGFC8pnpPn9wyur3j7pcY4OdS9CbpHTrdeoYjV2YbHk4OIngZQ","2021-06-12T01:45:36.885642",1623462231,1623466530,NA,"0xfa97c8b9d289fd2a66e1fb14557f53b6d818d0b5",2.2032,"ETH","4 Axel-Springer-Str","https://map.cryptovoxels.com/tile/parcel?x=-6.83&y=-6.645","-6.83","-6.645","146m² parcel on Berlin, 943m from the origin, with a 11m build height, floor is at 0m elevation",146.789991018366,21,7,11,0,"Berlin","plot","https://www.cryptovoxels.com/parcels/3961",NA,"2021-06-12T02:55:30"
NA,"3961",2,"https://lh3.googleusercontent.com/EMIDp8uXVAyX_Re7ijsCaPew4WwoCIqie8sTfImZwGjy3rN6yfQNjGFC8pnpPn9wyur3j7pcY4OdS9CbpHTrdeoYjV2YbHk4OIngZQ","2021-06-12T01:34:30.051140",1623461568,1623465867,NA,"0xfa97c8b9d289fd2a66e1fb14557f53b6d818d0b5",2.2032,"ETH","4 Axel-Springer-Str","https://map.cryptovoxels.com/tile/parcel?x=-6.83&y=-6.645","-6.83","-6.645","146m² parcel on Berlin, 943m from the origin, with a 11m build height, floor is at 0m elevation",146.789991018366,21,7,11,0,"Berlin","plot","https://www.cryptovoxels.com/parcels/3961",NA,"2021-06-12T02:44:27"
NA,"3961",2,"https://lh3.googleusercontent.com/EMIDp8uXVAyX_Re7ijsCaPew4WwoCIqie8sTfImZwGjy3rN6yfQNjGFC8pnpPn9wyur3j7pcY4OdS9CbpHTrdeoYjV2YbHk4OIngZQ","2021-06-12T02:26:45.709132",1623464700,1623468999,NA,"0xfa97c8b9d289fd2a66e1fb14557f53b6d818d0b5",2.2032,"ETH","4 Axel-Springer-Str","https://map.cryptovoxels.com/tile/parcel?x=-6.83&y=-6.645","-6.83","-6.645","146m² parcel on Berlin, 943m from the origin, with a 11m build height, floor is at 0m elevation",146.789991018366,21,7,11,0,"Berlin","plot","https://www.cryptovoxels.com/parcels/3961",NA,"2021-06-12T03:36:39"
NA,"3961",2,"https://lh3.googleusercontent.com/EMIDp8uXVAyX_Re7ijsCaPew4WwoCIqie8sTfImZwGjy3rN6yfQNjGFC8pnpPn9wyur3j7pcY4OdS9CbpHTrdeoYjV2YbHk4OIngZQ","2021-06-12T02:16:47.340944",1623464102,1623468401,NA,"0xfa97c8b9d289fd2a66e1fb14557f53b6d818d0b5",2.2032,"ETH","4 Axel-Springer-Str","https://map.cryptovoxels.com/tile/parcel?x=-6.83&y=-6.645","-6.83","-6.645","146m² parcel on Berlin, 943m from the origin, with a 11m build height, floor is at 0m elevation",146.789991018366,21,7,11,0,"Berlin","plot","https://www.cryptovoxels.com/parcels/3961",NA,"2021-06-12T03:26:41"
NA,"3961",2,"https://lh3.googleusercontent.com/EMIDp8uXVAyX_Re7ijsCaPew4WwoCIqie8sTfImZwGjy3rN6yfQNjGFC8pnpPn9wyur3j7pcY4OdS9CbpHTrdeoYjV2YbHk4OIngZQ","2021-06-12T02:05:31.710678",1623463429,1623467728,NA,"0xfa97c8b9d289fd2a66e1fb14557f53b6d818d0b5",2.2032,"ETH","4 Axel-Springer-Str","https://map.cryptovoxels.com/tile/parcel?x=-6.83&y=-6.645","-6.83","-6.645","146m² parcel on Berlin, 943m from the origin, with a 11m build height, floor is at 0m elevation",146.789991018366,21,7,11,0,"Berlin","plot","https://www.cryptovoxels.com/parcels/3961",NA,"2021-06-12T03:15:28"
NA,"3961",2,"https://lh3.googleusercontent.com/EMIDp8uXVAyX_Re7ijsCaPew4WwoCIqie8sTfImZwGjy3rN6yfQNjGFC8pnpPn9wyur3j7pcY4OdS9CbpHTrdeoYjV2YbHk4OIngZQ","2021-06-12T02:57:42.053589",1623466557,1623470856,NA,"0xfa97c8b9d289fd2a66e1fb14557f53b6d818d0b5",2.2032,"ETH","4 Axel-Springer-Str","https://map.cryptovoxels.com/tile/parcel?x=-6.83&y=-6.645","-6.83","-6.645","146m² parcel on Berlin, 943m from the origin, with a 11m build height, floor is at 0m elevation",146.789991018366,21,7,11,0,"Berlin","plot","https://www.cryptovoxels.com/parcels/3961",NA,"2021-06-12T04:07:36"
NA,"3961",2,"https://lh3.googleusercontent.com/EMIDp8uXVAyX_Re7ijsCaPew4WwoCIqie8sTfImZwGjy3rN6yfQNjGFC8pnpPn9wyur3j7pcY4OdS9CbpHTrdeoYjV2YbHk4OIngZQ","2021-06-12T02:48:02.455553",1623465979,1623470277,NA,"0xfa97c8b9d289fd2a66e1fb14557f53b6d818d0b5",2.2032,"ETH","4 Axel-Springer-Str","https://map.cryptovoxels.com/tile/parcel?x=-6.83&y=-6.645","-6.83","-6.645","146m² parcel on Berlin, 943m from the origin, with a 11m build height, floor is at 0m elevation",146.789991018366,21,7,11,0,"Berlin","plot","https://www.cryptovoxels.com/parcels/3961",NA,"2021-06-12T03:57:57"
NA,"3961",2,"https://lh3.googleusercontent.com/EMIDp8uXVAyX_Re7ijsCaPew4WwoCIqie8sTfImZwGjy3rN6yfQNjGFC8pnpPn9wyur3j7pcY4OdS9CbpHTrdeoYjV2YbHk4OIngZQ","2021-06-12T02:36:47.888976",1623465305,1623469605,NA,"0xfa97c8b9d289fd2a66e1fb14557f53b6d818d0b5",2.2032,"ETH","4 Axel-Springer-Str","https://map.cryptovoxels.com/tile/parcel?x=-6.83&y=-6.645","-6.83","-6.645","146m² parcel on Berlin, 943m from the origin, with a 11m build height, floor is at 0m elevation",146.789991018366,21,7,11,0,"Berlin","plot","https://www.cryptovoxels.com/parcels/3961",NA,"2021-06-12T03:46:45"
NA,"4380",1,"https://lh3.googleusercontent.com/1Dg0gF0toHt3P0BRNt_uI20xMZn0_UzZ3Aa-AYZlmz7-Ls384KrquZDFWRq5U2Gaa57wSPzOzxbdhySCFKwN_ra7Qwti6Xsj2uOCwAY","2021-06-12T02:34:41.869569",1623465180,0,"zoli","0x65c671aa1653a28bc6d16c31a4597ed677fff45d",2.69,"ETH","11 Via Lambro","https://map.cryptovoxels.com/tile/parcel?x=7.96&y=5.2","7.96","5.2","125m² parcel on Milan, 943m from the origin, with a 8m build height, floor is at 0m elevation",125.819991091791,7,18,8,0,"Milan","plot","https://www.cryptovoxels.com/parcels/4380",NA,NA
NA,"3961",2,"https://lh3.googleusercontent.com/EMIDp8uXVAyX_Re7ijsCaPew4WwoCIqie8sTfImZwGjy3rN6yfQNjGFC8pnpPn9wyur3j7pcY4OdS9CbpHTrdeoYjV2YbHk4OIngZQ","2021-06-12T03:28:25.535425",1623468400,1623472699,NA,"0xfa97c8b9d289fd2a66e1fb14557f53b6d818d0b5",2.2032,"ETH","4 Axel-Springer-Str","https://map.cryptovoxels.com/tile/parcel?x=-6.83&y=-6.645","-6.83","-6.645","146m² parcel on Berlin, 943m from the origin, with a 11m build height, floor is at 0m elevation",146.789991018366,21,7,11,0,"Berlin","plot","https://www.cryptovoxels.com/parcels/3961",NA,"2021-06-12T04:38:19"
NA,"3961",2,"https://lh3.googleusercontent.com/EMIDp8uXVAyX_Re7ijsCaPew4WwoCIqie8sTfImZwGjy3rN6yfQNjGFC8pnpPn9wyur3j7pcY4OdS9CbpHTrdeoYjV2YbHk4OIngZQ","2021-06-12T03:18:38.207983",1623467813,1623472112,NA,"0xfa97c8b9d289fd2a66e1fb14557f53b6d818d0b5",2.2032,"ETH","4 Axel-Springer-Str","https://map.cryptovoxels.com/tile/parcel?x=-6.83&y=-6.645","-6.83","-6.645","146m² parcel on Berlin, 943m from the origin, with a 11m build height, floor is at 0m elevation",146.789991018366,21,7,11,0,"Berlin","plot","https://www.cryptovoxels.com/parcels/3961",NA,"2021-06-12T04:28:32"
NA,"3961",2,"https://lh3.googleusercontent.com/EMIDp8uXVAyX_Re7ijsCaPew4WwoCIqie8sTfImZwGjy3rN6yfQNjGFC8pnpPn9wyur3j7pcY4OdS9CbpHTrdeoYjV2YbHk4OIngZQ","2021-06-12T03:07:28.714383",1623467146,1623471444,NA,"0xfa97c8b9d289fd2a66e1fb14557f53b6d818d0b5",2.2032,"ETH","4 Axel-Springer-Str","https://map.cryptovoxels.com/tile/parcel?x=-6.83&y=-6.645","-6.83","-6.645","146m² parcel on Berlin, 943m from the origin, with a 11m build height, floor is at 0m elevation",146.789991018366,21,7,11,0,"Berlin","plot","https://www.cryptovoxels.com/parcels/3961",NA,"2021-06-12T04:17:24"
NA,"3961",2,"https://lh3.googleusercontent.com/EMIDp8uXVAyX_Re7ijsCaPew4WwoCIqie8sTfImZwGjy3rN6yfQNjGFC8pnpPn9wyur3j7pcY4OdS9CbpHTrdeoYjV2YbHk4OIngZQ","2021-06-12T03:59:30.809296",1623470265,1623474565,NA,"0xfa97c8b9d289fd2a66e1fb14557f53b6d818d0b5",2.2032,"ETH","4 Axel-Springer-Str","https://map.cryptovoxels.com/tile/parcel?x=-6.83&y=-6.645","-6.83","-6.645","146m² parcel on Berlin, 943m from the origin, with a 11m build height, floor is at 0m elevation",146.789991018366,21,7,11,0,"Berlin","plot","https://www.cryptovoxels.com/parcels/3961",NA,"2021-06-12T05:09:25"
NA,"3961",2,"https://lh3.googleusercontent.com/EMIDp8uXVAyX_Re7ijsCaPew4WwoCIqie8sTfImZwGjy3rN6yfQNjGFC8pnpPn9wyur3j7pcY4OdS9CbpHTrdeoYjV2YbHk4OIngZQ","2021-06-12T03:49:25.571206",1623469662,1623473961,NA,"0xfa97c8b9d289fd2a66e1fb14557f53b6d818d0b5",2.2032,"ETH","4 Axel-Springer-Str","https://map.cryptovoxels.com/tile/parcel?x=-6.83&y=-6.645","-6.83","-6.645","146m² parcel on Berlin, 943m from the origin, with a 11m build height, floor is at 0m elevation",146.789991018366,21,7,11,0,"Berlin","plot","https://www.cryptovoxels.com/parcels/3961",NA,"2021-06-12T04:59:21"
NA,"3961",2,"https://lh3.googleusercontent.com/EMIDp8uXVAyX_Re7ijsCaPew4WwoCIqie8sTfImZwGjy3rN6yfQNjGFC8pnpPn9wyur3j7pcY4OdS9CbpHTrdeoYjV2YbHk4OIngZQ","2021-06-12T03:38:40.352262",1623469017,1623473316,NA,"0xfa97c8b9d289fd2a66e1fb14557f53b6d818d0b5",2.2032,"ETH","4 Axel-Springer-Str","https://map.cryptovoxels.com/tile/parcel?x=-6.83&y=-6.645","-6.83","-6.645","146m² parcel on Berlin, 943m from the origin, with a 11m build height, floor is at 0m elevation",146.789991018366,21,7,11,0,"Berlin","plot","https://www.cryptovoxels.com/parcels/3961",NA,"2021-06-12T04:48:36"
NA,"3961",2,"https://lh3.googleusercontent.com/EMIDp8uXVAyX_Re7ijsCaPew4WwoCIqie8sTfImZwGjy3rN6yfQNjGFC8pnpPn9wyur3j7pcY4OdS9CbpHTrdeoYjV2YbHk4OIngZQ","2021-06-12T04:20:44.436268",1623471542,1623475841,NA,"0xfa97c8b9d289fd2a66e1fb14557f53b6d818d0b5",2.2032,"ETH","4 Axel-Springer-Str","https://map.cryptovoxels.com/tile/parcel?x=-6.83&y=-6.645","-6.83","-6.645","146m² parcel on Berlin, 943m from the origin, with a 11m build height, floor is at 0m elevation",146.789991018366,21,7,11,0,"Berlin","plot","https://www.cryptovoxels.com/parcels/3961",NA,"2021-06-12T05:30:41"
NA,"3961",2,"https://lh3.googleusercontent.com/EMIDp8uXVAyX_Re7ijsCaPew4WwoCIqie8sTfImZwGjy3rN6yfQNjGFC8pnpPn9wyur3j7pcY4OdS9CbpHTrdeoYjV2YbHk4OIngZQ","2021-06-12T04:10:24.172935",1623470918,1623475214,NA,"0xfa97c8b9d289fd2a66e1fb14557f53b6d818d0b5",2.2032,"ETH","4 Axel-Springer-Str","https://map.cryptovoxels.com/tile/parcel?x=-6.83&y=-6.645","-6.83","-6.645","146m² parcel on Berlin, 943m from the origin, with a 11m build height, floor is at 0m elevation",146.789991018366,21,7,11,0,"Berlin","plot","https://www.cryptovoxels.com/parcels/3961",NA,"2021-06-12T05:20:14"
NA,"3961",2,"https://lh3.googleusercontent.com/EMIDp8uXVAyX_Re7ijsCaPew4WwoCIqie8sTfImZwGjy3rN6yfQNjGFC8pnpPn9wyur3j7pcY4OdS9CbpHTrdeoYjV2YbHk4OIngZQ","2021-06-12T04:51:58.943280",1623473416,1623477715,NA,"0xfa97c8b9d289fd2a66e1fb14557f53b6d818d0b5",2.2032,"ETH","4 Axel-Springer-Str","https://map.cryptovoxels.com/tile/parcel?x=-6.83&y=-6.645","-6.83","-6.645","146m² parcel on Berlin, 943m from the origin, with a 11m build height, floor is at 0m elevation",146.789991018366,21,7,11,0,"Berlin","plot","https://www.cryptovoxels.com/parcels/3961",NA,"2021-06-12T06:01:55"
NA,"3961",2,"https://lh3.googleusercontent.com/EMIDp8uXVAyX_Re7ijsCaPew4WwoCIqie8sTfImZwGjy3rN6yfQNjGFC8pnpPn9wyur3j7pcY4OdS9CbpHTrdeoYjV2YbHk4OIngZQ","2021-06-12T04:40:57.425522",1623472752,1623477051,NA,"0xfa97c8b9d289fd2a66e1fb14557f53b6d818d0b5",2.2032,"ETH","4 Axel-Springer-Str","https://map.cryptovoxels.com/tile/parcel?x=-6.83&y=-6.645","-6.83","-6.645","146m² parcel on Berlin, 943m from the origin, with a 11m build height, floor is at 0m elevation",146.789991018366,21,7,11,0,"Berlin","plot","https://www.cryptovoxels.com/parcels/3961",NA,"2021-06-12T05:50:51"
NA,"3961",2,"https://lh3.googleusercontent.com/EMIDp8uXVAyX_Re7ijsCaPew4WwoCIqie8sTfImZwGjy3rN6yfQNjGFC8pnpPn9wyur3j7pcY4OdS9CbpHTrdeoYjV2YbHk4OIngZQ","2021-06-12T04:30:38.132128",1623472135,1623476434,NA,"0xfa97c8b9d289fd2a66e1fb14557f53b6d818d0b5",2.2032,"ETH","4 Axel-Springer-Str","https://map.cryptovoxels.com/tile/parcel?x=-6.83&y=-6.645","-6.83","-6.645","146m² parcel on Berlin, 943m from the origin, with a 11m build height, floor is at 0m elevation",146.789991018366,21,7,11,0,"Berlin","plot","https://www.cryptovoxels.com/parcels/3961",NA,"2021-06-12T05:40:34"
NA,"3961",2,"https://lh3.googleusercontent.com/EMIDp8uXVAyX_Re7ijsCaPew4WwoCIqie8sTfImZwGjy3rN6yfQNjGFC8pnpPn9wyur3j7pcY4OdS9CbpHTrdeoYjV2YbHk4OIngZQ","2021-06-12T05:22:38.645785",1623475256,1623479554,NA,"0xfa97c8b9d289fd2a66e1fb14557f53b6d818d0b5",2.2032,"ETH","4 Axel-Springer-Str","https://map.cryptovoxels.com/tile/parcel?x=-6.83&y=-6.645","-6.83","-6.645","146m² parcel on Berlin, 943m from the origin, with a 11m build height, floor is at 0m elevation",146.789991018366,21,7,11,0,"Berlin","plot","https://www.cryptovoxels.com/parcels/3961",NA,"2021-06-12T06:32:34"
NA,"3961",2,"https://lh3.googleusercontent.com/EMIDp8uXVAyX_Re7ijsCaPew4WwoCIqie8sTfImZwGjy3rN6yfQNjGFC8pnpPn9wyur3j7pcY4OdS9CbpHTrdeoYjV2YbHk4OIngZQ","2021-06-12T05:11:54.965292",1623474611,1623478910,NA,"0xfa97c8b9d289fd2a66e1fb14557f53b6d818d0b5",2.2032,"ETH","4 Axel-Springer-Str","https://map.cryptovoxels.com/tile/parcel?x=-6.83&y=-6.645","-6.83","-6.645","146m² parcel on Berlin, 943m from the origin, with a 11m build height, floor is at 0m elevation",146.789991018366,21,7,11,0,"Berlin","plot","https://www.cryptovoxels.com/parcels/3961",NA,"2021-06-12T06:21:50"
NA,"3961",2,"https://lh3.googleusercontent.com/EMIDp8uXVAyX_Re7ijsCaPew4WwoCIqie8sTfImZwGjy3rN6yfQNjGFC8pnpPn9wyur3j7pcY4OdS9CbpHTrdeoYjV2YbHk4OIngZQ","2021-06-12T05:01:38.178096",1623473992,1623478291,NA,"0xfa97c8b9d289fd2a66e1fb14557f53b6d818d0b5",2.2032,"ETH","4 Axel-Springer-Str","https://map.cryptovoxels.com/tile/parcel?x=-6.83&y=-6.645","-6.83","-6.645","146m² parcel on Berlin, 943m from the origin, with a 11m build height, floor is at 0m elevation",146.789991018366,21,7,11,0,"Berlin","plot","https://www.cryptovoxels.com/parcels/3961",NA,"2021-06-12T06:11:31"
NA,"3961",2,"https://lh3.googleusercontent.com/EMIDp8uXVAyX_Re7ijsCaPew4WwoCIqie8sTfImZwGjy3rN6yfQNjGFC8pnpPn9wyur3j7pcY4OdS9CbpHTrdeoYjV2YbHk4OIngZQ","2021-06-12T05:54:01.737258",1623477135,1623481433,NA,"0xfa97c8b9d289fd2a66e1fb14557f53b6d818d0b5",2.2032,"ETH","4 Axel-Springer-Str","https://map.cryptovoxels.com/tile/parcel?x=-6.83&y=-6.645","-6.83","-6.645","146m² parcel on Berlin, 943m from the origin, with a 11m build height, floor is at 0m elevation",146.789991018366,21,7,11,0,"Berlin","plot","https://www.cryptovoxels.com/parcels/3961",NA,"2021-06-12T07:03:53"
NA,"3961",2,"https://lh3.googleusercontent.com/EMIDp8uXVAyX_Re7ijsCaPew4WwoCIqie8sTfImZwGjy3rN6yfQNjGFC8pnpPn9wyur3j7pcY4OdS9CbpHTrdeoYjV2YbHk4OIngZQ","2021-06-12T05:42:21.343287",1623476431,1623480729,NA,"0xfa97c8b9d289fd2a66e1fb14557f53b6d818d0b5",2.2032,"ETH","4 Axel-Springer-Str","https://map.cryptovoxels.com/tile/parcel?x=-6.83&y=-6.645","-6.83","-6.645","146m² parcel on Berlin, 943m from the origin, with a 11m build height, floor is at 0m elevation",146.789991018366,21,7,11,0,"Berlin","plot","https://www.cryptovoxels.com/parcels/3961",NA,"2021-06-12T06:52:09"
NA,"4600",1,"https://lh3.googleusercontent.com/C-bYyKCU7jq1cIZZHQYlCkl_rqrU6snKEwOu9BzU0r-YSMJASyT9zJNVugvwB_DIB-wom3yFLcqxfw9nSslBkGH2RF26jf4qFXGYVA","2021-06-12T05:34:49.973602",1704047400,1704652200,"Camphor","0x3fca620b034bcf8892a6e06e157c535f349da86b",3.7,"WETH","5 Ōtehei","https://map.cryptovoxels.com/tile/parcel?x=7.51&y=-7.6","7.51","-7.6","319m² parcel on Poneke, 1055m from the origin, with a 8m build height, floor is at 0m elevation",319.799990101992,16,20,8,0,"Poneke","plot","https://www.cryptovoxels.com/parcels/4600",NA,"2023-12-31T18:30:00"
NA,"3961",2,"https://lh3.googleusercontent.com/EMIDp8uXVAyX_Re7ijsCaPew4WwoCIqie8sTfImZwGjy3rN6yfQNjGFC8pnpPn9wyur3j7pcY4OdS9CbpHTrdeoYjV2YbHk4OIngZQ","2021-06-12T05:32:58.133052",1623475868,1623480167,NA,"0xfa97c8b9d289fd2a66e1fb14557f53b6d818d0b5",2.2032,"ETH","4 Axel-Springer-Str","https://map.cryptovoxels.com/tile/parcel?x=-6.83&y=-6.645","-6.83","-6.645","146m² parcel on Berlin, 943m from the origin, with a 11m build height, floor is at 0m elevation",146.789991018366,21,7,11,0,"Berlin","plot","https://www.cryptovoxels.com/parcels/3961",NA,"2021-06-12T06:42:47"
NA,"3961",2,"https://lh3.googleusercontent.com/EMIDp8uXVAyX_Re7ijsCaPew4WwoCIqie8sTfImZwGjy3rN6yfQNjGFC8pnpPn9wyur3j7pcY4OdS9CbpHTrdeoYjV2YbHk4OIngZQ","2021-06-12T06:24:40.767182",1623478975,1623483275,NA,"0xfa97c8b9d289fd2a66e1fb14557f53b6d818d0b5",2.2032,"ETH","4 Axel-Springer-Str","https://map.cryptovoxels.com/tile/parcel?x=-6.83&y=-6.645","-6.83","-6.645","146m² parcel on Berlin, 943m from the origin, with a 11m build height, floor is at 0m elevation",146.789991018366,21,7,11,0,"Berlin","plot","https://www.cryptovoxels.com/parcels/3961",NA,"2021-06-12T07:34:35"
NA,"3961",2,"https://lh3.googleusercontent.com/EMIDp8uXVAyX_Re7ijsCaPew4WwoCIqie8sTfImZwGjy3rN6yfQNjGFC8pnpPn9wyur3j7pcY4OdS9CbpHTrdeoYjV2YbHk4OIngZQ","2021-06-12T06:13:20.587114",1623478293,1623482592,NA,"0xfa97c8b9d289fd2a66e1fb14557f53b6d818d0b5",2.2032,"ETH","4 Axel-Springer-Str","https://map.cryptovoxels.com/tile/parcel?x=-6.83&y=-6.645","-6.83","-6.645","146m² parcel on Berlin, 943m from the origin, with a 11m build height, floor is at 0m elevation",146.789991018366,21,7,11,0,"Berlin","plot","https://www.cryptovoxels.com/parcels/3961",NA,"2021-06-12T07:23:12"
NA,"3961",2,"https://lh3.googleusercontent.com/EMIDp8uXVAyX_Re7ijsCaPew4WwoCIqie8sTfImZwGjy3rN6yfQNjGFC8pnpPn9wyur3j7pcY4OdS9CbpHTrdeoYjV2YbHk4OIngZQ","2021-06-12T06:03:32.326723",1623477707,1623482006,NA,"0xfa97c8b9d289fd2a66e1fb14557f53b6d818d0b5",2.2032,"ETH","4 Axel-Springer-Str","https://map.cryptovoxels.com/tile/parcel?x=-6.83&y=-6.645","-6.83","-6.645","146m² parcel on Berlin, 943m from the origin, with a 11m build height, floor is at 0m elevation",146.789991018366,21,7,11,0,"Berlin","plot","https://www.cryptovoxels.com/parcels/3961",NA,"2021-06-12T07:13:26"
NA,"3961",2,"https://lh3.googleusercontent.com/EMIDp8uXVAyX_Re7ijsCaPew4WwoCIqie8sTfImZwGjy3rN6yfQNjGFC8pnpPn9wyur3j7pcY4OdS9CbpHTrdeoYjV2YbHk4OIngZQ","2021-06-12T06:55:56.680168",1623480851,1623485149,NA,"0xfa97c8b9d289fd2a66e1fb14557f53b6d818d0b5",2.2032,"ETH","4 Axel-Springer-Str","https://map.cryptovoxels.com/tile/parcel?x=-6.83&y=-6.645","-6.83","-6.645","146m² parcel on Berlin, 943m from the origin, with a 11m build height, floor is at 0m elevation",146.789991018366,21,7,11,0,"Berlin","plot","https://www.cryptovoxels.com/parcels/3961",NA,"2021-06-12T08:05:49"
NA,"3961",2,"https://lh3.googleusercontent.com/EMIDp8uXVAyX_Re7ijsCaPew4WwoCIqie8sTfImZwGjy3rN6yfQNjGFC8pnpPn9wyur3j7pcY4OdS9CbpHTrdeoYjV2YbHk4OIngZQ","2021-06-12T06:44:29.865187",1623480164,1623484463,NA,"0xfa97c8b9d289fd2a66e1fb14557f53b6d818d0b5",2.2032,"ETH","4 Axel-Springer-Str","https://map.cryptovoxels.com/tile/parcel?x=-6.83&y=-6.645","-6.83","-6.645","146m² parcel on Berlin, 943m from the origin, with a 11m build height, floor is at 0m elevation",146.789991018366,21,7,11,0,"Berlin","plot","https://www.cryptovoxels.com/parcels/3961",NA,"2021-06-12T07:54:23"
NA,"3961",2,"https://lh3.googleusercontent.com/EMIDp8uXVAyX_Re7ijsCaPew4WwoCIqie8sTfImZwGjy3rN6yfQNjGFC8pnpPn9wyur3j7pcY4OdS9CbpHTrdeoYjV2YbHk4OIngZQ","2021-06-12T06:34:26.887590",1623479564,1623483863,NA,"0xfa97c8b9d289fd2a66e1fb14557f53b6d818d0b5",2.2032,"ETH","4 Axel-Springer-Str","https://map.cryptovoxels.com/tile/parcel?x=-6.83&y=-6.645","-6.83","-6.645","146m² parcel on Berlin, 943m from the origin, with a 11m build height, floor is at 0m elevation",146.789991018366,21,7,11,0,"Berlin","plot","https://www.cryptovoxels.com/parcels/3961",NA,"2021-06-12T07:44:23"
NA,"3961",2,"https://lh3.googleusercontent.com/EMIDp8uXVAyX_Re7ijsCaPew4WwoCIqie8sTfImZwGjy3rN6yfQNjGFC8pnpPn9wyur3j7pcY4OdS9CbpHTrdeoYjV2YbHk4OIngZQ","2021-06-12T07:26:31.111053",1623482685,1623486983,NA,"0xfa97c8b9d289fd2a66e1fb14557f53b6d818d0b5",2.2032,"ETH","4 Axel-Springer-Str","https://map.cryptovoxels.com/tile/parcel?x=-6.83&y=-6.645","-6.83","-6.645","146m² parcel on Berlin, 943m from the origin, with a 11m build height, floor is at 0m elevation",146.789991018366,21,7,11,0,"Berlin","plot","https://www.cryptovoxels.com/parcels/3961",NA,"2021-06-12T08:36:23"
NA,"3961",2,"https://lh3.googleusercontent.com/EMIDp8uXVAyX_Re7ijsCaPew4WwoCIqie8sTfImZwGjy3rN6yfQNjGFC8pnpPn9wyur3j7pcY4OdS9CbpHTrdeoYjV2YbHk4OIngZQ","2021-06-12T07:15:40.317486",1623482033,1623486332,NA,"0xfa97c8b9d289fd2a66e1fb14557f53b6d818d0b5",2.2032,"ETH","4 Axel-Springer-Str","https://map.cryptovoxels.com/tile/parcel?x=-6.83&y=-6.645","-6.83","-6.645","146m² parcel on Berlin, 943m from the origin, with a 11m build height, floor is at 0m elevation",146.789991018366,21,7,11,0,"Berlin","plot","https://www.cryptovoxels.com/parcels/3961",NA,"2021-06-12T08:25:32"
NA,"3961",2,"https://lh3.googleusercontent.com/EMIDp8uXVAyX_Re7ijsCaPew4WwoCIqie8sTfImZwGjy3rN6yfQNjGFC8pnpPn9wyur3j7pcY4OdS9CbpHTrdeoYjV2YbHk4OIngZQ","2021-06-12T07:05:42.682853",1623481439,1623485737,NA,"0xfa97c8b9d289fd2a66e1fb14557f53b6d818d0b5",2.2032,"ETH","4 Axel-Springer-Str","https://map.cryptovoxels.com/tile/parcel?x=-6.83&y=-6.645","-6.83","-6.645","146m² parcel on Berlin, 943m from the origin, with a 11m build height, floor is at 0m elevation",146.789991018366,21,7,11,0,"Berlin","plot","https://www.cryptovoxels.com/parcels/3961",NA,"2021-06-12T08:15:37"
NA,"3961",2,"https://lh3.googleusercontent.com/EMIDp8uXVAyX_Re7ijsCaPew4WwoCIqie8sTfImZwGjy3rN6yfQNjGFC8pnpPn9wyur3j7pcY4OdS9CbpHTrdeoYjV2YbHk4OIngZQ","2021-06-12T07:57:39.735841",1623484557,1623488856,NA,"0xfa97c8b9d289fd2a66e1fb14557f53b6d818d0b5",2.2032,"ETH","4 Axel-Springer-Str","https://map.cryptovoxels.com/tile/parcel?x=-6.83&y=-6.645","-6.83","-6.645","146m² parcel on Berlin, 943m from the origin, with a 11m build height, floor is at 0m elevation",146.789991018366,21,7,11,0,"Berlin","plot","https://www.cryptovoxels.com/parcels/3961",NA,"2021-06-12T09:07:36"
NA,"3961",2,"https://lh3.googleusercontent.com/EMIDp8uXVAyX_Re7ijsCaPew4WwoCIqie8sTfImZwGjy3rN6yfQNjGFC8pnpPn9wyur3j7pcY4OdS9CbpHTrdeoYjV2YbHk4OIngZQ","2021-06-12T07:46:43.686654",1623483900,1623488198,NA,"0xfa97c8b9d289fd2a66e1fb14557f53b6d818d0b5",2.2032,"ETH","4 Axel-Springer-Str","https://map.cryptovoxels.com/tile/parcel?x=-6.83&y=-6.645","-6.83","-6.645","146m² parcel on Berlin, 943m from the origin, with a 11m build height, floor is at 0m elevation",146.789991018366,21,7,11,0,"Berlin","plot","https://www.cryptovoxels.com/parcels/3961",NA,"2021-06-12T08:56:38"
NA,"3961",2,"https://lh3.googleusercontent.com/EMIDp8uXVAyX_Re7ijsCaPew4WwoCIqie8sTfImZwGjy3rN6yfQNjGFC8pnpPn9wyur3j7pcY4OdS9CbpHTrdeoYjV2YbHk4OIngZQ","2021-06-12T07:36:31.616155",1623483286,1623487585,NA,"0xfa97c8b9d289fd2a66e1fb14557f53b6d818d0b5",2.2032,"ETH","4 Axel-Springer-Str","https://map.cryptovoxels.com/tile/parcel?x=-6.83&y=-6.645","-6.83","-6.645","146m² parcel on Berlin, 943m from the origin, with a 11m build height, floor is at 0m elevation",146.789991018366,21,7,11,0,"Berlin","plot","https://www.cryptovoxels.com/parcels/3961",NA,"2021-06-12T08:46:25"
NA,"3961",2,"https://lh3.googleusercontent.com/EMIDp8uXVAyX_Re7ijsCaPew4WwoCIqie8sTfImZwGjy3rN6yfQNjGFC8pnpPn9wyur3j7pcY4OdS9CbpHTrdeoYjV2YbHk4OIngZQ","2021-06-12T08:28:56.808635",1623486434,1623490733,NA,"0xfa97c8b9d289fd2a66e1fb14557f53b6d818d0b5",2.2032,"ETH","4 Axel-Springer-Str","https://map.cryptovoxels.com/tile/parcel?x=-6.83&y=-6.645","-6.83","-6.645","146m² parcel on Berlin, 943m from the origin, with a 11m build height, floor is at 0m elevation",146.789991018366,21,7,11,0,"Berlin","plot","https://www.cryptovoxels.com/parcels/3961",NA,"2021-06-12T09:38:53"
NA,"3961",2,"https://lh3.googleusercontent.com/EMIDp8uXVAyX_Re7ijsCaPew4WwoCIqie8sTfImZwGjy3rN6yfQNjGFC8pnpPn9wyur3j7pcY4OdS9CbpHTrdeoYjV2YbHk4OIngZQ","2021-06-12T08:17:36.041723",1623485750,1623490049,NA,"0xfa97c8b9d289fd2a66e1fb14557f53b6d818d0b5",2.2032,"ETH","4 Axel-Springer-Str","https://map.cryptovoxels.com/tile/parcel?x=-6.83&y=-6.645","-6.83","-6.645","146m² parcel on Berlin, 943m from the origin, with a 11m build height, floor is at 0m elevation",146.789991018366,21,7,11,0,"Berlin","plot","https://www.cryptovoxels.com/parcels/3961",NA,"2021-06-12T09:27:29"
NA,"3961",2,"https://lh3.googleusercontent.com/EMIDp8uXVAyX_Re7ijsCaPew4WwoCIqie8sTfImZwGjy3rN6yfQNjGFC8pnpPn9wyur3j7pcY4OdS9CbpHTrdeoYjV2YbHk4OIngZQ","2021-06-12T08:07:30.286470",1623485148,1623489446,NA,"0xfa97c8b9d289fd2a66e1fb14557f53b6d818d0b5",2.2032,"ETH","4 Axel-Springer-Str","https://map.cryptovoxels.com/tile/parcel?x=-6.83&y=-6.645","-6.83","-6.645","146m² parcel on Berlin, 943m from the origin, with a 11m build height, floor is at 0m elevation",146.789991018366,21,7,11,0,"Berlin","plot","https://www.cryptovoxels.com/parcels/3961",NA,"2021-06-12T09:17:26"
NA,"3961",2,"https://lh3.googleusercontent.com/EMIDp8uXVAyX_Re7ijsCaPew4WwoCIqie8sTfImZwGjy3rN6yfQNjGFC8pnpPn9wyur3j7pcY4OdS9CbpHTrdeoYjV2YbHk4OIngZQ","2021-06-12T08:59:37.362820",1623488274,1623492573,NA,"0xfa97c8b9d289fd2a66e1fb14557f53b6d818d0b5",2.2032,"ETH","4 Axel-Springer-Str","https://map.cryptovoxels.com/tile/parcel?x=-6.83&y=-6.645","-6.83","-6.645","146m² parcel on Berlin, 943m from the origin, with a 11m build height, floor is at 0m elevation",146.789991018366,21,7,11,0,"Berlin","plot","https://www.cryptovoxels.com/parcels/3961",NA,"2021-06-12T10:09:33"
NA,"3961",2,"https://lh3.googleusercontent.com/EMIDp8uXVAyX_Re7ijsCaPew4WwoCIqie8sTfImZwGjy3rN6yfQNjGFC8pnpPn9wyur3j7pcY4OdS9CbpHTrdeoYjV2YbHk4OIngZQ","2021-06-12T08:48:38.009305",1623487612,1623491911,NA,"0xfa97c8b9d289fd2a66e1fb14557f53b6d818d0b5",2.2032,"ETH","4 Axel-Springer-Str","https://map.cryptovoxels.com/tile/parcel?x=-6.83&y=-6.645","-6.83","-6.645","146m² parcel on Berlin, 943m from the origin, with a 11m build height, floor is at 0m elevation",146.789991018366,21,7,11,0,"Berlin","plot","https://www.cryptovoxels.com/parcels/3961",NA,"2021-06-12T09:58:31"
NA,"3961",2,"https://lh3.googleusercontent.com/EMIDp8uXVAyX_Re7ijsCaPew4WwoCIqie8sTfImZwGjy3rN6yfQNjGFC8pnpPn9wyur3j7pcY4OdS9CbpHTrdeoYjV2YbHk4OIngZQ","2021-06-12T08:38:27.438698",1623487004,1623491303,NA,"0xfa97c8b9d289fd2a66e1fb14557f53b6d818d0b5",2.2032,"ETH","4 Axel-Springer-Str","https://map.cryptovoxels.com/tile/parcel?x=-6.83&y=-6.645","-6.83","-6.645","146m² parcel on Berlin, 943m from the origin, with a 11m build height, floor is at 0m elevation",146.789991018366,21,7,11,0,"Berlin","plot","https://www.cryptovoxels.com/parcels/3961",NA,"2021-06-12T09:48:23"
NA,"3961",2,"https://lh3.googleusercontent.com/EMIDp8uXVAyX_Re7ijsCaPew4WwoCIqie8sTfImZwGjy3rN6yfQNjGFC8pnpPn9wyur3j7pcY4OdS9CbpHTrdeoYjV2YbHk4OIngZQ","2021-06-12T09:19:40.384361",1623489475,1623493774,NA,"0xfa97c8b9d289fd2a66e1fb14557f53b6d818d0b5",2.2032,"ETH","4 Axel-Springer-Str","https://map.cryptovoxels.com/tile/parcel?x=-6.83&y=-6.645","-6.83","-6.645","146m² parcel on Berlin, 943m from the origin, with a 11m build height, floor is at 0m elevation",146.789991018366,21,7,11,0,"Berlin","plot","https://www.cryptovoxels.com/parcels/3961",NA,"2021-06-12T10:29:34"
NA,"3961",2,"https://lh3.googleusercontent.com/EMIDp8uXVAyX_Re7ijsCaPew4WwoCIqie8sTfImZwGjy3rN6yfQNjGFC8pnpPn9wyur3j7pcY4OdS9CbpHTrdeoYjV2YbHk4OIngZQ","2021-06-12T09:09:25.263538",1623488859,1623493158,NA,"0xfa97c8b9d289fd2a66e1fb14557f53b6d818d0b5",2.2032,"ETH","4 Axel-Springer-Str","https://map.cryptovoxels.com/tile/parcel?x=-6.83&y=-6.645","-6.83","-6.645","146m² parcel on Berlin, 943m from the origin, with a 11m build height, floor is at 0m elevation",146.789991018366,21,7,11,0,"Berlin","plot","https://www.cryptovoxels.com/parcels/3961",NA,"2021-06-12T10:19:18"
NA,"3961",2,"https://lh3.googleusercontent.com/EMIDp8uXVAyX_Re7ijsCaPew4WwoCIqie8sTfImZwGjy3rN6yfQNjGFC8pnpPn9wyur3j7pcY4OdS9CbpHTrdeoYjV2YbHk4OIngZQ","2021-06-12T09:50:32.741661",1623491327,1623495626,NA,"0xfa97c8b9d289fd2a66e1fb14557f53b6d818d0b5",2.2032,"ETH","4 Axel-Springer-Str","https://map.cryptovoxels.com/tile/parcel?x=-6.83&y=-6.645","-6.83","-6.645","146m² parcel on Berlin, 943m from the origin, with a 11m build height, floor is at 0m elevation",146.789991018366,21,7,11,0,"Berlin","plot","https://www.cryptovoxels.com/parcels/3961",NA,"2021-06-12T11:00:26"
NA,"3961",2,"https://lh3.googleusercontent.com/EMIDp8uXVAyX_Re7ijsCaPew4WwoCIqie8sTfImZwGjy3rN6yfQNjGFC8pnpPn9wyur3j7pcY4OdS9CbpHTrdeoYjV2YbHk4OIngZQ","2021-06-12T09:40:30.874101",1623490727,1623495027,NA,"0xfa97c8b9d289fd2a66e1fb14557f53b6d818d0b5",2.2032,"ETH","4 Axel-Springer-Str","https://map.cryptovoxels.com/tile/parcel?x=-6.83&y=-6.645","-6.83","-6.645","146m² parcel on Berlin, 943m from the origin, with a 11m build height, floor is at 0m elevation",146.789991018366,21,7,11,0,"Berlin","plot","https://www.cryptovoxels.com/parcels/3961",NA,"2021-06-12T10:50:27"
NA,"3961",2,"https://lh3.googleusercontent.com/EMIDp8uXVAyX_Re7ijsCaPew4WwoCIqie8sTfImZwGjy3rN6yfQNjGFC8pnpPn9wyur3j7pcY4OdS9CbpHTrdeoYjV2YbHk4OIngZQ","2021-06-12T09:30:59.685649",1623490156,1623494455,NA,"0xfa97c8b9d289fd2a66e1fb14557f53b6d818d0b5",2.2032,"ETH","4 Axel-Springer-Str","https://map.cryptovoxels.com/tile/parcel?x=-6.83&y=-6.645","-6.83","-6.645","146m² parcel on Berlin, 943m from the origin, with a 11m build height, floor is at 0m elevation",146.789991018366,21,7,11,0,"Berlin","plot","https://www.cryptovoxels.com/parcels/3961",NA,"2021-06-12T10:40:55"
NA,"3961",2,"https://lh3.googleusercontent.com/EMIDp8uXVAyX_Re7ijsCaPew4WwoCIqie8sTfImZwGjy3rN6yfQNjGFC8pnpPn9wyur3j7pcY4OdS9CbpHTrdeoYjV2YbHk4OIngZQ","2021-06-12T10:21:43.422438",1623493201,1623497500,NA,"0xfa97c8b9d289fd2a66e1fb14557f53b6d818d0b5",2.2032,"ETH","4 Axel-Springer-Str","https://map.cryptovoxels.com/tile/parcel?x=-6.83&y=-6.645","-6.83","-6.645","146m² parcel on Berlin, 943m from the origin, with a 11m build height, floor is at 0m elevation",146.789991018366,21,7,11,0,"Berlin","plot","https://www.cryptovoxels.com/parcels/3961",NA,"2021-06-12T11:31:40"
NA,"3961",2,"https://lh3.googleusercontent.com/EMIDp8uXVAyX_Re7ijsCaPew4WwoCIqie8sTfImZwGjy3rN6yfQNjGFC8pnpPn9wyur3j7pcY4OdS9CbpHTrdeoYjV2YbHk4OIngZQ","2021-06-12T10:11:27.801901",1623492585,1623496884,NA,"0xfa97c8b9d289fd2a66e1fb14557f53b6d818d0b5",2.2032,"ETH","4 Axel-Springer-Str","https://map.cryptovoxels.com/tile/parcel?x=-6.83&y=-6.645","-6.83","-6.645","146m² parcel on Berlin, 943m from the origin, with a 11m build height, floor is at 0m elevation",146.789991018366,21,7,11,0,"Berlin","plot","https://www.cryptovoxels.com/parcels/3961",NA,"2021-06-12T11:21:24"
NA,"4953",1,"https://lh3.googleusercontent.com/0DkPFZo6wZJUs6OKT60CG_YFHAGn19gTQHxm1xlMfXQnOdek9lS6wQqalvko2v_tFwmyCq5Y73BCbYBZKgFh_2-5tms2aCP9AmlE","2021-06-12T10:10:11.009917",1623492505,0,"justlike_eth","0x9f0574a5f28779a1a682cfe4bbd090ee058d07aa",3.99,"ETH","3 Tranquil Field","https://map.cryptovoxels.com/tile/parcel?x=-67.03&y=-0.73","-67.03","-0.73","339m² parcel on Vibes, 6694m from the origin, with a 8m build height, floor is at 0m elevation",339.799990101994,17,20,8,0,"Vibes","plot","https://www.cryptovoxels.com/parcels/4953",NA,NA
NA,"3961",2,"https://lh3.googleusercontent.com/EMIDp8uXVAyX_Re7ijsCaPew4WwoCIqie8sTfImZwGjy3rN6yfQNjGFC8pnpPn9wyur3j7pcY4OdS9CbpHTrdeoYjV2YbHk4OIngZQ","2021-06-12T10:01:46.505145",1623492001,1623496300,NA,"0xfa97c8b9d289fd2a66e1fb14557f53b6d818d0b5",2.2032,"ETH","4 Axel-Springer-Str","https://map.cryptovoxels.com/tile/parcel?x=-6.83&y=-6.645","-6.83","-6.645","146m² parcel on Berlin, 943m from the origin, with a 11m build height, floor is at 0m elevation",146.789991018366,21,7,11,0,"Berlin","plot","https://www.cryptovoxels.com/parcels/3961",NA,"2021-06-12T11:11:40"
NA,"3961",2,"https://lh3.googleusercontent.com/EMIDp8uXVAyX_Re7ijsCaPew4WwoCIqie8sTfImZwGjy3rN6yfQNjGFC8pnpPn9wyur3j7pcY4OdS9CbpHTrdeoYjV2YbHk4OIngZQ","2021-06-12T10:52:42.601286",1623495057,1623499356,NA,"0xfa97c8b9d289fd2a66e1fb14557f53b6d818d0b5",2.2032,"ETH","4 Axel-Springer-Str","https://map.cryptovoxels.com/tile/parcel?x=-6.83&y=-6.645","-6.83","-6.645","146m² parcel on Berlin, 943m from the origin, with a 11m build height, floor is at 0m elevation",146.789991018366,21,7,11,0,"Berlin","plot","https://www.cryptovoxels.com/parcels/3961",NA,"2021-06-12T12:02:36"
NA,"3961",2,"https://lh3.googleusercontent.com/EMIDp8uXVAyX_Re7ijsCaPew4WwoCIqie8sTfImZwGjy3rN6yfQNjGFC8pnpPn9wyur3j7pcY4OdS9CbpHTrdeoYjV2YbHk4OIngZQ","2021-06-12T10:42:56.214917",1623494474,1623498772,NA,"0xfa97c8b9d289fd2a66e1fb14557f53b6d818d0b5",2.2032,"ETH","4 Axel-Springer-Str","https://map.cryptovoxels.com/tile/parcel?x=-6.83&y=-6.645","-6.83","-6.645","146m² parcel on Berlin, 943m from the origin, with a 11m build height, floor is at 0m elevation",146.789991018366,21,7,11,0,"Berlin","plot","https://www.cryptovoxels.com/parcels/3961",NA,"2021-06-12T11:52:52"
NA,"3961",2,"https://lh3.googleusercontent.com/EMIDp8uXVAyX_Re7ijsCaPew4WwoCIqie8sTfImZwGjy3rN6yfQNjGFC8pnpPn9wyur3j7pcY4OdS9CbpHTrdeoYjV2YbHk4OIngZQ","2021-06-12T10:32:50.523375",1623493867,1623498167,NA,"0xfa97c8b9d289fd2a66e1fb14557f53b6d818d0b5",2.2032,"ETH","4 Axel-Springer-Str","https://map.cryptovoxels.com/tile/parcel?x=-6.83&y=-6.645","-6.83","-6.645","146m² parcel on Berlin, 943m from the origin, with a 11m build height, floor is at 0m elevation",146.789991018366,21,7,11,0,"Berlin","plot","https://www.cryptovoxels.com/parcels/3961",NA,"2021-06-12T11:42:47"
NA,"3961",2,"https://lh3.googleusercontent.com/EMIDp8uXVAyX_Re7ijsCaPew4WwoCIqie8sTfImZwGjy3rN6yfQNjGFC8pnpPn9wyur3j7pcY4OdS9CbpHTrdeoYjV2YbHk4OIngZQ","2021-06-12T11:23:36.324439",1623496910,1623501210,NA,"0xfa97c8b9d289fd2a66e1fb14557f53b6d818d0b5",2.2032,"ETH","4 Axel-Springer-Str","https://map.cryptovoxels.com/tile/parcel?x=-6.83&y=-6.645","-6.83","-6.645","146m² parcel on Berlin, 943m from the origin, with a 11m build height, floor is at 0m elevation",146.789991018366,21,7,11,0,"Berlin","plot","https://www.cryptovoxels.com/parcels/3961",NA,"2021-06-12T12:33:30"
NA,"3961",2,"https://lh3.googleusercontent.com/EMIDp8uXVAyX_Re7ijsCaPew4WwoCIqie8sTfImZwGjy3rN6yfQNjGFC8pnpPn9wyur3j7pcY4OdS9CbpHTrdeoYjV2YbHk4OIngZQ","2021-06-12T11:13:41.064699",1623496316,1623500615,NA,"0xfa97c8b9d289fd2a66e1fb14557f53b6d818d0b5",2.2032,"ETH","4 Axel-Springer-Str","https://map.cryptovoxels.com/tile/parcel?x=-6.83&y=-6.645","-6.83","-6.645","146m² parcel on Berlin, 943m from the origin, with a 11m build height, floor is at 0m elevation",146.789991018366,21,7,11,0,"Berlin","plot","https://www.cryptovoxels.com/parcels/3961",NA,"2021-06-12T12:23:35"
NA,"3961",2,"https://lh3.googleusercontent.com/EMIDp8uXVAyX_Re7ijsCaPew4WwoCIqie8sTfImZwGjy3rN6yfQNjGFC8pnpPn9wyur3j7pcY4OdS9CbpHTrdeoYjV2YbHk4OIngZQ","2021-06-12T11:03:41.714055",1623495716,1623500015,NA,"0xfa97c8b9d289fd2a66e1fb14557f53b6d818d0b5",2.2032,"ETH","4 Axel-Springer-Str","https://map.cryptovoxels.com/tile/parcel?x=-6.83&y=-6.645","-6.83","-6.645","146m² parcel on Berlin, 943m from the origin, with a 11m build height, floor is at 0m elevation",146.789991018366,21,7,11,0,"Berlin","plot","https://www.cryptovoxels.com/parcels/3961",NA,"2021-06-12T12:13:35"
NA,"3961",2,"https://lh3.googleusercontent.com/EMIDp8uXVAyX_Re7ijsCaPew4WwoCIqie8sTfImZwGjy3rN6yfQNjGFC8pnpPn9wyur3j7pcY4OdS9CbpHTrdeoYjV2YbHk4OIngZQ","2021-06-12T11:55:11.079680",1623498803,1623503101,NA,"0xfa97c8b9d289fd2a66e1fb14557f53b6d818d0b5",2.2032,"ETH","4 Axel-Springer-Str","https://map.cryptovoxels.com/tile/parcel?x=-6.83&y=-6.645","-6.83","-6.645","146m² parcel on Berlin, 943m from the origin, with a 11m build height, floor is at 0m elevation",146.789991018366,21,7,11,0,"Berlin","plot","https://www.cryptovoxels.com/parcels/3961",NA,"2021-06-12T13:05:01"
NA,"3961",2,"https://lh3.googleusercontent.com/EMIDp8uXVAyX_Re7ijsCaPew4WwoCIqie8sTfImZwGjy3rN6yfQNjGFC8pnpPn9wyur3j7pcY4OdS9CbpHTrdeoYjV2YbHk4OIngZQ","2021-06-12T11:44:49.666580",1623498184,1623502483,NA,"0xfa97c8b9d289fd2a66e1fb14557f53b6d818d0b5",2.2032,"ETH","4 Axel-Springer-Str","https://map.cryptovoxels.com/tile/parcel?x=-6.83&y=-6.645","-6.83","-6.645","146m² parcel on Berlin, 943m from the origin, with a 11m build height, floor is at 0m elevation",146.789991018366,21,7,11,0,"Berlin","plot","https://www.cryptovoxels.com/parcels/3961",NA,"2021-06-12T12:54:43"
NA,"2785",2,"https://lh3.googleusercontent.com/kwvg3i_dSdeturwbho36icmmIQRC4Gisxmqxy5CyiX6PqM4UFrZ-XQc4v-zqnw0e5T5AZKhzb74ePNCMNSZBx1HYDZU-kCF_ZOthK6I","2021-06-12T11:37:26.212519",1623497745,0,"Space-Invasion","0x036403fbfe5e7349f09cb1b2275e4a652ea565d4",3.1,"ETH","3 Meta Estate","https://map.cryptovoxels.com/tile/parcel?x=-3.08&y=4.575","-3.08","4.575","70m² parcel near Rome in Origin City, 545m from the origin, with a 7m build height and near to Meta Estate, Bonus Road and Carrier Throughway",70,10,7,7,0,"Origin City","plot","https://www.cryptovoxels.com/parcels/2785","Rome",NA
NA,"3961",2,"https://lh3.googleusercontent.com/EMIDp8uXVAyX_Re7ijsCaPew4WwoCIqie8sTfImZwGjy3rN6yfQNjGFC8pnpPn9wyur3j7pcY4OdS9CbpHTrdeoYjV2YbHk4OIngZQ","2021-06-12T11:34:59.240377",1623497593,1623501892,NA,"0xfa97c8b9d289fd2a66e1fb14557f53b6d818d0b5",2.2032,"ETH","4 Axel-Springer-Str","https://map.cryptovoxels.com/tile/parcel?x=-6.83&y=-6.645","-6.83","-6.645","146m² parcel on Berlin, 943m from the origin, with a 11m build height, floor is at 0m elevation",146.789991018366,21,7,11,0,"Berlin","plot","https://www.cryptovoxels.com/parcels/3961",NA,"2021-06-12T12:44:52"
NA,"3961",2,"https://lh3.googleusercontent.com/EMIDp8uXVAyX_Re7ijsCaPew4WwoCIqie8sTfImZwGjy3rN6yfQNjGFC8pnpPn9wyur3j7pcY4OdS9CbpHTrdeoYjV2YbHk4OIngZQ","2021-06-12T12:25:13.994156",1623500611,1623504909,NA,"0xfa97c8b9d289fd2a66e1fb14557f53b6d818d0b5",2.2032,"ETH","4 Axel-Springer-Str","https://map.cryptovoxels.com/tile/parcel?x=-6.83&y=-6.645","-6.83","-6.645","146m² parcel on Berlin, 943m from the origin, with a 11m build height, floor is at 0m elevation",146.789991018366,21,7,11,0,"Berlin","plot","https://www.cryptovoxels.com/parcels/3961",NA,"2021-06-12T13:35:09"
NA,"3961",2,"https://lh3.googleusercontent.com/EMIDp8uXVAyX_Re7ijsCaPew4WwoCIqie8sTfImZwGjy3rN6yfQNjGFC8pnpPn9wyur3j7pcY4OdS9CbpHTrdeoYjV2YbHk4OIngZQ","2021-06-12T12:15:32.486683",1623500029,1623504328,NA,"0xfa97c8b9d289fd2a66e1fb14557f53b6d818d0b5",2.2032,"ETH","4 Axel-Springer-Str","https://map.cryptovoxels.com/tile/parcel?x=-6.83&y=-6.645","-6.83","-6.645","146m² parcel on Berlin, 943m from the origin, with a 11m build height, floor is at 0m elevation",146.789991018366,21,7,11,0,"Berlin","plot","https://www.cryptovoxels.com/parcels/3961",NA,"2021-06-12T13:25:28"
NA,"3961",2,"https://lh3.googleusercontent.com/EMIDp8uXVAyX_Re7ijsCaPew4WwoCIqie8sTfImZwGjy3rN6yfQNjGFC8pnpPn9wyur3j7pcY4OdS9CbpHTrdeoYjV2YbHk4OIngZQ","2021-06-12T12:05:50.791462",1623499445,1623503744,NA,"0xfa97c8b9d289fd2a66e1fb14557f53b6d818d0b5",2.2032,"ETH","4 Axel-Springer-Str","https://map.cryptovoxels.com/tile/parcel?x=-6.83&y=-6.645","-6.83","-6.645","146m² parcel on Berlin, 943m from the origin, with a 11m build height, floor is at 0m elevation",146.789991018366,21,7,11,0,"Berlin","plot","https://www.cryptovoxels.com/parcels/3961",NA,"2021-06-12T13:15:44"
NA,"3961",2,"https://lh3.googleusercontent.com/EMIDp8uXVAyX_Re7ijsCaPew4WwoCIqie8sTfImZwGjy3rN6yfQNjGFC8pnpPn9wyur3j7pcY4OdS9CbpHTrdeoYjV2YbHk4OIngZQ","2021-06-12T12:56:45.700747",1623502503,1623506802,NA,"0xfa97c8b9d289fd2a66e1fb14557f53b6d818d0b5",2.2032,"ETH","4 Axel-Springer-Str","https://map.cryptovoxels.com/tile/parcel?x=-6.83&y=-6.645","-6.83","-6.645","146m² parcel on Berlin, 943m from the origin, with a 11m build height, floor is at 0m elevation",146.789991018366,21,7,11,0,"Berlin","plot","https://www.cryptovoxels.com/parcels/3961",NA,"2021-06-12T14:06:42"
NA,"3961",2,"https://lh3.googleusercontent.com/EMIDp8uXVAyX_Re7ijsCaPew4WwoCIqie8sTfImZwGjy3rN6yfQNjGFC8pnpPn9wyur3j7pcY4OdS9CbpHTrdeoYjV2YbHk4OIngZQ","2021-06-12T12:46:38.890409",1623501893,1623506193,NA,"0xfa97c8b9d289fd2a66e1fb14557f53b6d818d0b5",2.2032,"ETH","4 Axel-Springer-Str","https://map.cryptovoxels.com/tile/parcel?x=-6.83&y=-6.645","-6.83","-6.645","146m² parcel on Berlin, 943m from the origin, with a 11m build height, floor is at 0m elevation",146.789991018366,21,7,11,0,"Berlin","plot","https://www.cryptovoxels.com/parcels/3961",NA,"2021-06-12T13:56:33"
NA,"3961",2,"https://lh3.googleusercontent.com/EMIDp8uXVAyX_Re7ijsCaPew4WwoCIqie8sTfImZwGjy3rN6yfQNjGFC8pnpPn9wyur3j7pcY4OdS9CbpHTrdeoYjV2YbHk4OIngZQ","2021-06-12T12:36:28.366885",1623501283,1623505582,NA,"0xfa97c8b9d289fd2a66e1fb14557f53b6d818d0b5",2.2032,"ETH","4 Axel-Springer-Str","https://map.cryptovoxels.com/tile/parcel?x=-6.83&y=-6.645","-6.83","-6.645","146m² parcel on Berlin, 943m from the origin, with a 11m build height, floor is at 0m elevation",146.789991018366,21,7,11,0,"Berlin","plot","https://www.cryptovoxels.com/parcels/3961",NA,"2021-06-12T13:46:22"
NA,"3961",2,"https://lh3.googleusercontent.com/EMIDp8uXVAyX_Re7ijsCaPew4WwoCIqie8sTfImZwGjy3rN6yfQNjGFC8pnpPn9wyur3j7pcY4OdS9CbpHTrdeoYjV2YbHk4OIngZQ","2021-06-12T13:27:51.347745",1623504366,1623508664,NA,"0xfa97c8b9d289fd2a66e1fb14557f53b6d818d0b5",2.2032,"ETH","4 Axel-Springer-Str","https://map.cryptovoxels.com/tile/parcel?x=-6.83&y=-6.645","-6.83","-6.645","146m² parcel on Berlin, 943m from the origin, with a 11m build height, floor is at 0m elevation",146.789991018366,21,7,11,0,"Berlin","plot","https://www.cryptovoxels.com/parcels/3961",NA,"2021-06-12T14:37:44"
NA,"3961",2,"https://lh3.googleusercontent.com/EMIDp8uXVAyX_Re7ijsCaPew4WwoCIqie8sTfImZwGjy3rN6yfQNjGFC8pnpPn9wyur3j7pcY4OdS9CbpHTrdeoYjV2YbHk4OIngZQ","2021-06-12T13:18:03.199095",1623503781,1623508079,NA,"0xfa97c8b9d289fd2a66e1fb14557f53b6d818d0b5",2.2032,"ETH","4 Axel-Springer-Str","https://map.cryptovoxels.com/tile/parcel?x=-6.83&y=-6.645","-6.83","-6.645","146m² parcel on Berlin, 943m from the origin, with a 11m build height, floor is at 0m elevation",146.789991018366,21,7,11,0,"Berlin","plot","https://www.cryptovoxels.com/parcels/3961",NA,"2021-06-12T14:27:59"
NA,"3961",2,"https://lh3.googleusercontent.com/EMIDp8uXVAyX_Re7ijsCaPew4WwoCIqie8sTfImZwGjy3rN6yfQNjGFC8pnpPn9wyur3j7pcY4OdS9CbpHTrdeoYjV2YbHk4OIngZQ","2021-06-12T13:08:06.983488",1623503181,1623507480,NA,"0xfa97c8b9d289fd2a66e1fb14557f53b6d818d0b5",2.2032,"ETH","4 Axel-Springer-Str","https://map.cryptovoxels.com/tile/parcel?x=-6.83&y=-6.645","-6.83","-6.645","146m² parcel on Berlin, 943m from the origin, with a 11m build height, floor is at 0m elevation",146.789991018366,21,7,11,0,"Berlin","plot","https://www.cryptovoxels.com/parcels/3961",NA,"2021-06-12T14:18:00"
NA,"3961",2,"https://lh3.googleusercontent.com/EMIDp8uXVAyX_Re7ijsCaPew4WwoCIqie8sTfImZwGjy3rN6yfQNjGFC8pnpPn9wyur3j7pcY4OdS9CbpHTrdeoYjV2YbHk4OIngZQ","2021-06-12T13:58:41.875603",1623506216,1623510515,NA,"0xfa97c8b9d289fd2a66e1fb14557f53b6d818d0b5",2.2032,"ETH","4 Axel-Springer-Str","https://map.cryptovoxels.com/tile/parcel?x=-6.83&y=-6.645","-6.83","-6.645","146m² parcel on Berlin, 943m from the origin, with a 11m build height, floor is at 0m elevation",146.789991018366,21,7,11,0,"Berlin","plot","https://www.cryptovoxels.com/parcels/3961",NA,"2021-06-12T15:08:35"
NA,"3961",2,"https://lh3.googleusercontent.com/EMIDp8uXVAyX_Re7ijsCaPew4WwoCIqie8sTfImZwGjy3rN6yfQNjGFC8pnpPn9wyur3j7pcY4OdS9CbpHTrdeoYjV2YbHk4OIngZQ","2021-06-12T13:48:30.859465",1623505608,1623509907,NA,"0xfa97c8b9d289fd2a66e1fb14557f53b6d818d0b5",2.2032,"ETH","4 Axel-Springer-Str","https://map.cryptovoxels.com/tile/parcel?x=-6.83&y=-6.645","-6.83","-6.645","146m² parcel on Berlin, 943m from the origin, with a 11m build height, floor is at 0m elevation",146.789991018366,21,7,11,0,"Berlin","plot","https://www.cryptovoxels.com/parcels/3961",NA,"2021-06-12T14:58:27"
NA,"3961",2,"https://lh3.googleusercontent.com/EMIDp8uXVAyX_Re7ijsCaPew4WwoCIqie8sTfImZwGjy3rN6yfQNjGFC8pnpPn9wyur3j7pcY4OdS9CbpHTrdeoYjV2YbHk4OIngZQ","2021-06-12T13:38:31.154509",1623505005,1623509304,NA,"0xfa97c8b9d289fd2a66e1fb14557f53b6d818d0b5",2.2032,"ETH","4 Axel-Springer-Str","https://map.cryptovoxels.com/tile/parcel?x=-6.83&y=-6.645","-6.83","-6.645","146m² parcel on Berlin, 943m from the origin, with a 11m build height, floor is at 0m elevation",146.789991018366,21,7,11,0,"Berlin","plot","https://www.cryptovoxels.com/parcels/3961",NA,"2021-06-12T14:48:24"
NA,"3961",2,"https://lh3.googleusercontent.com/EMIDp8uXVAyX_Re7ijsCaPew4WwoCIqie8sTfImZwGjy3rN6yfQNjGFC8pnpPn9wyur3j7pcY4OdS9CbpHTrdeoYjV2YbHk4OIngZQ","2021-06-12T14:29:47.703778",1623508082,1623512381,NA,"0xfa97c8b9d289fd2a66e1fb14557f53b6d818d0b5",2.2032,"ETH","4 Axel-Springer-Str","https://map.cryptovoxels.com/tile/parcel?x=-6.83&y=-6.645","-6.83","-6.645","146m² parcel on Berlin, 943m from the origin, with a 11m build height, floor is at 0m elevation",146.789991018366,21,7,11,0,"Berlin","plot","https://www.cryptovoxels.com/parcels/3961",NA,"2021-06-12T15:39:41"
NA,"3961",2,"https://lh3.googleusercontent.com/EMIDp8uXVAyX_Re7ijsCaPew4WwoCIqie8sTfImZwGjy3rN6yfQNjGFC8pnpPn9wyur3j7pcY4OdS9CbpHTrdeoYjV2YbHk4OIngZQ","2021-06-12T14:20:37.120072",1623507523,1623511821,NA,"0xfa97c8b9d289fd2a66e1fb14557f53b6d818d0b5",2.2032,"ETH","4 Axel-Springer-Str","https://map.cryptovoxels.com/tile/parcel?x=-6.83&y=-6.645","-6.83","-6.645","146m² parcel on Berlin, 943m from the origin, with a 11m build height, floor is at 0m elevation",146.789991018366,21,7,11,0,"Berlin","plot","https://www.cryptovoxels.com/parcels/3961",NA,"2021-06-12T15:30:21"
NA,"3961",2,"https://lh3.googleusercontent.com/EMIDp8uXVAyX_Re7ijsCaPew4WwoCIqie8sTfImZwGjy3rN6yfQNjGFC8pnpPn9wyur3j7pcY4OdS9CbpHTrdeoYjV2YbHk4OIngZQ","2021-06-12T14:10:11.399643",1623506906,1623511205,NA,"0xfa97c8b9d289fd2a66e1fb14557f53b6d818d0b5",2.2032,"ETH","4 Axel-Springer-Str","https://map.cryptovoxels.com/tile/parcel?x=-6.83&y=-6.645","-6.83","-6.645","146m² parcel on Berlin, 943m from the origin, with a 11m build height, floor is at 0m elevation",146.789991018366,21,7,11,0,"Berlin","plot","https://www.cryptovoxels.com/parcels/3961",NA,"2021-06-12T15:20:05"
NA,"4559",1,"https://lh3.googleusercontent.com/Sf887jHI72s1QJQkrvfZ47o49Jb3NEVsU8h_SSE6y84KmIMa5uSJFgHxz4EEJ--4m8f6FTyxcF5c5OZ0UgXPRXLaPYC4y2c5QOeiSA","2021-06-12T14:03:49.564941",1623506524,0,"SeaAbyss","0xa6ebe923c675603d4b73a8457dd2f86617405eb6",3.491,"ETH","5 Paparimu","https://map.cryptovoxels.com/tile/parcel?x=7.28&y=-6.515","7.28","-6.515","149m² parcel on Poneke, 968m from the origin, with a 9m build height, floor is at 0m elevation",149.849992576493,10,15,9,0,"Poneke","plot","https://www.cryptovoxels.com/parcels/4559",NA,NA
NA,"4717",1,"https://lh3.googleusercontent.com/NkqHIhqP065zszQOUMKFXdwgDvKPpD7gWg9qkwq22FEvkHbAYDs0bEJe_MVqSHLHjx4O2FTwtRH2QJZVRbAXrU91GsktLEH0RotQ","2021-06-12T14:03:26.284729",1623506500,0,"SeaAbyss","0xa6ebe923c675603d4b73a8457dd2f86617405eb6",2.292,"ETH","11 Strawberry Trail","https://map.cryptovoxels.com/tile/parcel?x=-69.36&y=0.24","-69.36","0.24","79m² parcel on Far Far Away, 6932m from the origin, with a 10m build height, floor is at 0m elevation",79.9199964809191,8,10,10,0,"Far Far Away","plot","https://www.cryptovoxels.com/parcels/4717",NA,NA
NA,"3961",2,"https://lh3.googleusercontent.com/EMIDp8uXVAyX_Re7ijsCaPew4WwoCIqie8sTfImZwGjy3rN6yfQNjGFC8pnpPn9wyur3j7pcY4OdS9CbpHTrdeoYjV2YbHk4OIngZQ","2021-06-12T14:51:04.277421",1623509361,1623513659,NA,"0xfa97c8b9d289fd2a66e1fb14557f53b6d818d0b5",2.2032,"ETH","4 Axel-Springer-Str","https://map.cryptovoxels.com/tile/parcel?x=-6.83&y=-6.645","-6.83","-6.645","146m² parcel on Berlin, 943m from the origin, with a 11m build height, floor is at 0m elevation",146.789991018366,21,7,11,0,"Berlin","plot","https://www.cryptovoxels.com/parcels/3961",NA,"2021-06-12T16:00:59"
NA,"3961",2,"https://lh3.googleusercontent.com/EMIDp8uXVAyX_Re7ijsCaPew4WwoCIqie8sTfImZwGjy3rN6yfQNjGFC8pnpPn9wyur3j7pcY4OdS9CbpHTrdeoYjV2YbHk4OIngZQ","2021-06-12T14:40:55.654721",1623508750,1623513049,NA,"0xfa97c8b9d289fd2a66e1fb14557f53b6d818d0b5",2.2032,"ETH","4 Axel-Springer-Str","https://map.cryptovoxels.com/tile/parcel?x=-6.83&y=-6.645","-6.83","-6.645","146m² parcel on Berlin, 943m from the origin, with a 11m build height, floor is at 0m elevation",146.789991018366,21,7,11,0,"Berlin","plot","https://www.cryptovoxels.com/parcels/3961",NA,"2021-06-12T15:50:49"
NA,"3961",2,"https://lh3.googleusercontent.com/EMIDp8uXVAyX_Re7ijsCaPew4WwoCIqie8sTfImZwGjy3rN6yfQNjGFC8pnpPn9wyur3j7pcY4OdS9CbpHTrdeoYjV2YbHk4OIngZQ","2021-06-12T15:21:48.924798",1623511204,1623515502,NA,"0xfa97c8b9d289fd2a66e1fb14557f53b6d818d0b5",2.2032,"ETH","4 Axel-Springer-Str","https://map.cryptovoxels.com/tile/parcel?x=-6.83&y=-6.645","-6.83","-6.645","146m² parcel on Berlin, 943m from the origin, with a 11m build height, floor is at 0m elevation",146.789991018366,21,7,11,0,"Berlin","plot","https://www.cryptovoxels.com/parcels/3961",NA,"2021-06-12T16:31:42"
NA,"3961",2,"https://lh3.googleusercontent.com/EMIDp8uXVAyX_Re7ijsCaPew4WwoCIqie8sTfImZwGjy3rN6yfQNjGFC8pnpPn9wyur3j7pcY4OdS9CbpHTrdeoYjV2YbHk4OIngZQ","2021-06-12T15:12:12.987056",1623510628,1623514926,NA,"0xfa97c8b9d289fd2a66e1fb14557f53b6d818d0b5",2.2032,"ETH","4 Axel-Springer-Str","https://map.cryptovoxels.com/tile/parcel?x=-6.83&y=-6.645","-6.83","-6.645","146m² parcel on Berlin, 943m from the origin, with a 11m build height, floor is at 0m elevation",146.789991018366,21,7,11,0,"Berlin","plot","https://www.cryptovoxels.com/parcels/3961",NA,"2021-06-12T16:22:06"
NA,"3961",2,"https://lh3.googleusercontent.com/EMIDp8uXVAyX_Re7ijsCaPew4WwoCIqie8sTfImZwGjy3rN6yfQNjGFC8pnpPn9wyur3j7pcY4OdS9CbpHTrdeoYjV2YbHk4OIngZQ","2021-06-12T15:01:06.289577",1623509961,1623514260,NA,"0xfa97c8b9d289fd2a66e1fb14557f53b6d818d0b5",2.2032,"ETH","4 Axel-Springer-Str","https://map.cryptovoxels.com/tile/parcel?x=-6.83&y=-6.645","-6.83","-6.645","146m² parcel on Berlin, 943m from the origin, with a 11m build height, floor is at 0m elevation",146.789991018366,21,7,11,0,"Berlin","plot","https://www.cryptovoxels.com/parcels/3961",NA,"2021-06-12T16:11:00"
NA,"3961",2,"https://lh3.googleusercontent.com/EMIDp8uXVAyX_Re7ijsCaPew4WwoCIqie8sTfImZwGjy3rN6yfQNjGFC8pnpPn9wyur3j7pcY4OdS9CbpHTrdeoYjV2YbHk4OIngZQ","2021-06-12T15:53:15.661095",1623513090,1623517388,NA,"0xfa97c8b9d289fd2a66e1fb14557f53b6d818d0b5",2.2032,"ETH","4 Axel-Springer-Str","https://map.cryptovoxels.com/tile/parcel?x=-6.83&y=-6.645","-6.83","-6.645","146m² parcel on Berlin, 943m from the origin, with a 11m build height, floor is at 0m elevation",146.789991018366,21,7,11,0,"Berlin","plot","https://www.cryptovoxels.com/parcels/3961",NA,"2021-06-12T17:03:08"
NA,"3961",2,"https://lh3.googleusercontent.com/EMIDp8uXVAyX_Re7ijsCaPew4WwoCIqie8sTfImZwGjy3rN6yfQNjGFC8pnpPn9wyur3j7pcY4OdS9CbpHTrdeoYjV2YbHk4OIngZQ","2021-06-12T15:42:55.122177",1623512470,1623516769,NA,"0xfa97c8b9d289fd2a66e1fb14557f53b6d818d0b5",2.2032,"ETH","4 Axel-Springer-Str","https://map.cryptovoxels.com/tile/parcel?x=-6.83&y=-6.645","-6.83","-6.645","146m² parcel on Berlin, 943m from the origin, with a 11m build height, floor is at 0m elevation",146.789991018366,21,7,11,0,"Berlin","plot","https://www.cryptovoxels.com/parcels/3961",NA,"2021-06-12T16:52:49"
NA,"3961",2,"https://lh3.googleusercontent.com/EMIDp8uXVAyX_Re7ijsCaPew4WwoCIqie8sTfImZwGjy3rN6yfQNjGFC8pnpPn9wyur3j7pcY4OdS9CbpHTrdeoYjV2YbHk4OIngZQ","2021-06-12T15:31:45.698820",1623511800,1623516099,NA,"0xfa97c8b9d289fd2a66e1fb14557f53b6d818d0b5",2.2032,"ETH","4 Axel-Springer-Str","https://map.cryptovoxels.com/tile/parcel?x=-6.83&y=-6.645","-6.83","-6.645","146m² parcel on Berlin, 943m from the origin, with a 11m build height, floor is at 0m elevation",146.789991018366,21,7,11,0,"Berlin","plot","https://www.cryptovoxels.com/parcels/3961",NA,"2021-06-12T16:41:39"
NA,"3961",2,"https://lh3.googleusercontent.com/EMIDp8uXVAyX_Re7ijsCaPew4WwoCIqie8sTfImZwGjy3rN6yfQNjGFC8pnpPn9wyur3j7pcY4OdS9CbpHTrdeoYjV2YbHk4OIngZQ","2021-06-12T16:23:47.154588",1623514922,1623519220,NA,"0xfa97c8b9d289fd2a66e1fb14557f53b6d818d0b5",2.2032,"ETH","4 Axel-Springer-Str","https://map.cryptovoxels.com/tile/parcel?x=-6.83&y=-6.645","-6.83","-6.645","146m² parcel on Berlin, 943m from the origin, with a 11m build height, floor is at 0m elevation",146.789991018366,21,7,11,0,"Berlin","plot","https://www.cryptovoxels.com/parcels/3961",NA,"2021-06-12T17:33:40"
NA,"3961",2,"https://lh3.googleusercontent.com/EMIDp8uXVAyX_Re7ijsCaPew4WwoCIqie8sTfImZwGjy3rN6yfQNjGFC8pnpPn9wyur3j7pcY4OdS9CbpHTrdeoYjV2YbHk4OIngZQ","2021-06-12T16:13:47.438366",1623514322,1623518621,NA,"0xfa97c8b9d289fd2a66e1fb14557f53b6d818d0b5",2.2032,"ETH","4 Axel-Springer-Str","https://map.cryptovoxels.com/tile/parcel?x=-6.83&y=-6.645","-6.83","-6.645","146m² parcel on Berlin, 943m from the origin, with a 11m build height, floor is at 0m elevation",146.789991018366,21,7,11,0,"Berlin","plot","https://www.cryptovoxels.com/parcels/3961",NA,"2021-06-12T17:23:41"
NA,"3961",2,"https://lh3.googleusercontent.com/EMIDp8uXVAyX_Re7ijsCaPew4WwoCIqie8sTfImZwGjy3rN6yfQNjGFC8pnpPn9wyur3j7pcY4OdS9CbpHTrdeoYjV2YbHk4OIngZQ","2021-06-12T16:03:12.648171",1623513682,1623517981,NA,"0xfa97c8b9d289fd2a66e1fb14557f53b6d818d0b5",2.2032,"ETH","4 Axel-Springer-Str","https://map.cryptovoxels.com/tile/parcel?x=-6.83&y=-6.645","-6.83","-6.645","146m² parcel on Berlin, 943m from the origin, with a 11m build height, floor is at 0m elevation",146.789991018366,21,7,11,0,"Berlin","plot","https://www.cryptovoxels.com/parcels/3961",NA,"2021-06-12T17:13:01"
NA,"3961",2,"https://lh3.googleusercontent.com/EMIDp8uXVAyX_Re7ijsCaPew4WwoCIqie8sTfImZwGjy3rN6yfQNjGFC8pnpPn9wyur3j7pcY4OdS9CbpHTrdeoYjV2YbHk4OIngZQ","2021-06-12T16:54:53.284123",1623516790,1623521089,NA,"0xfa97c8b9d289fd2a66e1fb14557f53b6d818d0b5",2.2032,"ETH","4 Axel-Springer-Str","https://map.cryptovoxels.com/tile/parcel?x=-6.83&y=-6.645","-6.83","-6.645","146m² parcel on Berlin, 943m from the origin, with a 11m build height, floor is at 0m elevation",146.789991018366,21,7,11,0,"Berlin","plot","https://www.cryptovoxels.com/parcels/3961",NA,"2021-06-12T18:04:49"
NA,"3961",2,"https://lh3.googleusercontent.com/EMIDp8uXVAyX_Re7ijsCaPew4WwoCIqie8sTfImZwGjy3rN6yfQNjGFC8pnpPn9wyur3j7pcY4OdS9CbpHTrdeoYjV2YbHk4OIngZQ","2021-06-12T16:45:02.883624",1623516198,1623520497,NA,"0xfa97c8b9d289fd2a66e1fb14557f53b6d818d0b5",2.2032,"ETH","4 Axel-Springer-Str","https://map.cryptovoxels.com/tile/parcel?x=-6.83&y=-6.645","-6.83","-6.645","146m² parcel on Berlin, 943m from the origin, with a 11m build height, floor is at 0m elevation",146.789991018366,21,7,11,0,"Berlin","plot","https://www.cryptovoxels.com/parcels/3961",NA,"2021-06-12T17:54:57"
NA,"3961",2,"https://lh3.googleusercontent.com/EMIDp8uXVAyX_Re7ijsCaPew4WwoCIqie8sTfImZwGjy3rN6yfQNjGFC8pnpPn9wyur3j7pcY4OdS9CbpHTrdeoYjV2YbHk4OIngZQ","2021-06-12T16:33:39.048034",1623515513,1623519812,NA,"0xfa97c8b9d289fd2a66e1fb14557f53b6d818d0b5",2.2032,"ETH","4 Axel-Springer-Str","https://map.cryptovoxels.com/tile/parcel?x=-6.83&y=-6.645","-6.83","-6.645","146m² parcel on Berlin, 943m from the origin, with a 11m build height, floor is at 0m elevation",146.789991018366,21,7,11,0,"Berlin","plot","https://www.cryptovoxels.com/parcels/3961",NA,"2021-06-12T17:43:32"
NA,"4946",1,"https://lh3.googleusercontent.com/XcF0RGOWu2aP5JASgImD5QwakhvZE0H41jJ0vUDCKc81E0ZOcZDeSahdyNGataN7pz9SH26R9AWowlGNsNDRv0aQYbXjnRF0dJJj","2021-06-12T16:33:20.618692",1623515451,0,"Pakal","0xedd1f30d69898e4cb710cfb47c6114d31e6fed06",3.99,"ETH","41 Thriving Quadrant","https://map.cryptovoxels.com/tile/parcel?x=-66.53&y=-1.13","-66.53","-1.13","181m² parcel on Vibes, 6646m from the origin, with a 14m build height, floor is at 0m elevation",181.859993071407,13,14,14,0,"Vibes","plot","https://www.cryptovoxels.com/parcels/4946",NA,NA
NA,"3961",2,"https://lh3.googleusercontent.com/EMIDp8uXVAyX_Re7ijsCaPew4WwoCIqie8sTfImZwGjy3rN6yfQNjGFC8pnpPn9wyur3j7pcY4OdS9CbpHTrdeoYjV2YbHk4OIngZQ","2021-06-12T17:25:52.912186",1623518648,1623522947,NA,"0xfa97c8b9d289fd2a66e1fb14557f53b6d818d0b5",2.2032,"ETH","4 Axel-Springer-Str","https://map.cryptovoxels.com/tile/parcel?x=-6.83&y=-6.645","-6.83","-6.645","146m² parcel on Berlin, 943m from the origin, with a 11m build height, floor is at 0m elevation",146.789991018366,21,7,11,0,"Berlin","plot","https://www.cryptovoxels.com/parcels/3961",NA,"2021-06-12T18:35:47"
NA,"3961",2,"https://lh3.googleusercontent.com/EMIDp8uXVAyX_Re7ijsCaPew4WwoCIqie8sTfImZwGjy3rN6yfQNjGFC8pnpPn9wyur3j7pcY4OdS9CbpHTrdeoYjV2YbHk4OIngZQ","2021-06-12T17:15:51.216941",1623518046,1623522345,NA,"0xfa97c8b9d289fd2a66e1fb14557f53b6d818d0b5",2.2032,"ETH","4 Axel-Springer-Str","https://map.cryptovoxels.com/tile/parcel?x=-6.83&y=-6.645","-6.83","-6.645","146m² parcel on Berlin, 943m from the origin, with a 11m build height, floor is at 0m elevation",146.789991018366,21,7,11,0,"Berlin","plot","https://www.cryptovoxels.com/parcels/3961",NA,"2021-06-12T18:25:45"
NA,"3961",2,"https://lh3.googleusercontent.com/EMIDp8uXVAyX_Re7ijsCaPew4WwoCIqie8sTfImZwGjy3rN6yfQNjGFC8pnpPn9wyur3j7pcY4OdS9CbpHTrdeoYjV2YbHk4OIngZQ","2021-06-12T17:04:57.393138",1623517394,1623521694,NA,"0xfa97c8b9d289fd2a66e1fb14557f53b6d818d0b5",2.2032,"ETH","4 Axel-Springer-Str","https://map.cryptovoxels.com/tile/parcel?x=-6.83&y=-6.645","-6.83","-6.645","146m² parcel on Berlin, 943m from the origin, with a 11m build height, floor is at 0m elevation",146.789991018366,21,7,11,0,"Berlin","plot","https://www.cryptovoxels.com/parcels/3961",NA,"2021-06-12T18:14:54"
NA,"3961",2,"https://lh3.googleusercontent.com/EMIDp8uXVAyX_Re7ijsCaPew4WwoCIqie8sTfImZwGjy3rN6yfQNjGFC8pnpPn9wyur3j7pcY4OdS9CbpHTrdeoYjV2YbHk4OIngZQ","2021-06-12T17:56:54.193015",1623520511,1623524810,NA,"0xfa97c8b9d289fd2a66e1fb14557f53b6d818d0b5",2.2032,"ETH","4 Axel-Springer-Str","https://map.cryptovoxels.com/tile/parcel?x=-6.83&y=-6.645","-6.83","-6.645","146m² parcel on Berlin, 943m from the origin, with a 11m build height, floor is at 0m elevation",146.789991018366,21,7,11,0,"Berlin","plot","https://www.cryptovoxels.com/parcels/3961",NA,"2021-06-12T19:06:50"
NA,"3961",2,"https://lh3.googleusercontent.com/EMIDp8uXVAyX_Re7ijsCaPew4WwoCIqie8sTfImZwGjy3rN6yfQNjGFC8pnpPn9wyur3j7pcY4OdS9CbpHTrdeoYjV2YbHk4OIngZQ","2021-06-12T17:46:56.687000",1623519909,1623524208,NA,"0xfa97c8b9d289fd2a66e1fb14557f53b6d818d0b5",2.2032,"ETH","4 Axel-Springer-Str","https://map.cryptovoxels.com/tile/parcel?x=-6.83&y=-6.645","-6.83","-6.645","146m² parcel on Berlin, 943m from the origin, with a 11m build height, floor is at 0m elevation",146.789991018366,21,7,11,0,"Berlin","plot","https://www.cryptovoxels.com/parcels/3961",NA,"2021-06-12T18:56:48"
NA,"3961",2,"https://lh3.googleusercontent.com/EMIDp8uXVAyX_Re7ijsCaPew4WwoCIqie8sTfImZwGjy3rN6yfQNjGFC8pnpPn9wyur3j7pcY4OdS9CbpHTrdeoYjV2YbHk4OIngZQ","2021-06-12T17:36:03.388463",1623519258,1623523557,NA,"0xfa97c8b9d289fd2a66e1fb14557f53b6d818d0b5",2.2032,"ETH","4 Axel-Springer-Str","https://map.cryptovoxels.com/tile/parcel?x=-6.83&y=-6.645","-6.83","-6.645","146m² parcel on Berlin, 943m from the origin, with a 11m build height, floor is at 0m elevation",146.789991018366,21,7,11,0,"Berlin","plot","https://www.cryptovoxels.com/parcels/3961",NA,"2021-06-12T18:45:57"
NA,"3961",2,"https://lh3.googleusercontent.com/EMIDp8uXVAyX_Re7ijsCaPew4WwoCIqie8sTfImZwGjy3rN6yfQNjGFC8pnpPn9wyur3j7pcY4OdS9CbpHTrdeoYjV2YbHk4OIngZQ","2021-06-12T18:27:54.965343",1623522372,1623526671,NA,"0xfa97c8b9d289fd2a66e1fb14557f53b6d818d0b5",2.2032,"ETH","4 Axel-Springer-Str","https://map.cryptovoxels.com/tile/parcel?x=-6.83&y=-6.645","-6.83","-6.645","146m² parcel on Berlin, 943m from the origin, with a 11m build height, floor is at 0m elevation",146.789991018366,21,7,11,0,"Berlin","plot","https://www.cryptovoxels.com/parcels/3961",NA,"2021-06-12T19:37:51"
NA,"3961",2,"https://lh3.googleusercontent.com/EMIDp8uXVAyX_Re7ijsCaPew4WwoCIqie8sTfImZwGjy3rN6yfQNjGFC8pnpPn9wyur3j7pcY4OdS9CbpHTrdeoYjV2YbHk4OIngZQ","2021-06-12T18:18:00.483407",1623521778,1623526077,NA,"0xfa97c8b9d289fd2a66e1fb14557f53b6d818d0b5",2.2032,"ETH","4 Axel-Springer-Str","https://map.cryptovoxels.com/tile/parcel?x=-6.83&y=-6.645","-6.83","-6.645","146m² parcel on Berlin, 943m from the origin, with a 11m build height, floor is at 0m elevation",146.789991018366,21,7,11,0,"Berlin","plot","https://www.cryptovoxels.com/parcels/3961",NA,"2021-06-12T19:27:57"
NA,"3961",2,"https://lh3.googleusercontent.com/EMIDp8uXVAyX_Re7ijsCaPew4WwoCIqie8sTfImZwGjy3rN6yfQNjGFC8pnpPn9wyur3j7pcY4OdS9CbpHTrdeoYjV2YbHk4OIngZQ","2021-06-12T18:06:50.403900",1623521108,1623525407,NA,"0xfa97c8b9d289fd2a66e1fb14557f53b6d818d0b5",2.2032,"ETH","4 Axel-Springer-Str","https://map.cryptovoxels.com/tile/parcel?x=-6.83&y=-6.645","-6.83","-6.645","146m² parcel on Berlin, 943m from the origin, with a 11m build height, floor is at 0m elevation",146.789991018366,21,7,11,0,"Berlin","plot","https://www.cryptovoxels.com/parcels/3961",NA,"2021-06-12T19:16:47"
NA,"3961",2,"https://lh3.googleusercontent.com/EMIDp8uXVAyX_Re7ijsCaPew4WwoCIqie8sTfImZwGjy3rN6yfQNjGFC8pnpPn9wyur3j7pcY4OdS9CbpHTrdeoYjV2YbHk4OIngZQ","2021-06-12T18:58:36.996405",1623524214,1623528513,NA,"0xfa97c8b9d289fd2a66e1fb14557f53b6d818d0b5",2.2032,"ETH","4 Axel-Springer-Str","https://map.cryptovoxels.com/tile/parcel?x=-6.83&y=-6.645","-6.83","-6.645","146m² parcel on Berlin, 943m from the origin, with a 11m build height, floor is at 0m elevation",146.789991018366,21,7,11,0,"Berlin","plot","https://www.cryptovoxels.com/parcels/3961",NA,"2021-06-12T20:08:33"
NA,"3961",2,"https://lh3.googleusercontent.com/EMIDp8uXVAyX_Re7ijsCaPew4WwoCIqie8sTfImZwGjy3rN6yfQNjGFC8pnpPn9wyur3j7pcY4OdS9CbpHTrdeoYjV2YbHk4OIngZQ","2021-06-12T18:50:32.971383",1623523639,1623527938,NA,"0xfa97c8b9d289fd2a66e1fb14557f53b6d818d0b5",2.2032,"ETH","4 Axel-Springer-Str","https://map.cryptovoxels.com/tile/parcel?x=-6.83&y=-6.645","-6.83","-6.645","146m² parcel on Berlin, 943m from the origin, with a 11m build height, floor is at 0m elevation",146.789991018366,21,7,11,0,"Berlin","plot","https://www.cryptovoxels.com/parcels/3961",NA,"2021-06-12T19:58:58"
NA,"3961",2,"https://lh3.googleusercontent.com/EMIDp8uXVAyX_Re7ijsCaPew4WwoCIqie8sTfImZwGjy3rN6yfQNjGFC8pnpPn9wyur3j7pcY4OdS9CbpHTrdeoYjV2YbHk4OIngZQ","2021-06-12T18:37:59.091317",1623522973,1623527272,NA,"0xfa97c8b9d289fd2a66e1fb14557f53b6d818d0b5",2.2032,"ETH","4 Axel-Springer-Str","https://map.cryptovoxels.com/tile/parcel?x=-6.83&y=-6.645","-6.83","-6.645","146m² parcel on Berlin, 943m from the origin, with a 11m build height, floor is at 0m elevation",146.789991018366,21,7,11,0,"Berlin","plot","https://www.cryptovoxels.com/parcels/3961",NA,"2021-06-12T19:47:52"
NA,"3961",2,"https://lh3.googleusercontent.com/EMIDp8uXVAyX_Re7ijsCaPew4WwoCIqie8sTfImZwGjy3rN6yfQNjGFC8pnpPn9wyur3j7pcY4OdS9CbpHTrdeoYjV2YbHk4OIngZQ","2021-06-12T19:29:41.382459",1623526075,1623530374,NA,"0xfa97c8b9d289fd2a66e1fb14557f53b6d818d0b5",2.2032,"ETH","4 Axel-Springer-Str","https://map.cryptovoxels.com/tile/parcel?x=-6.83&y=-6.645","-6.83","-6.645","146m² parcel on Berlin, 943m from the origin, with a 11m build height, floor is at 0m elevation",146.789991018366,21,7,11,0,"Berlin","plot","https://www.cryptovoxels.com/parcels/3961",NA,"2021-06-12T20:39:34"
NA,"3961",2,"https://lh3.googleusercontent.com/EMIDp8uXVAyX_Re7ijsCaPew4WwoCIqie8sTfImZwGjy3rN6yfQNjGFC8pnpPn9wyur3j7pcY4OdS9CbpHTrdeoYjV2YbHk4OIngZQ","2021-06-12T19:19:31.849909",1623525466,1623529765,NA,"0xfa97c8b9d289fd2a66e1fb14557f53b6d818d0b5",2.2032,"ETH","4 Axel-Springer-Str","https://map.cryptovoxels.com/tile/parcel?x=-6.83&y=-6.645","-6.83","-6.645","146m² parcel on Berlin, 943m from the origin, with a 11m build height, floor is at 0m elevation",146.789991018366,21,7,11,0,"Berlin","plot","https://www.cryptovoxels.com/parcels/3961",NA,"2021-06-12T20:29:25"
NA,"3961",2,"https://lh3.googleusercontent.com/EMIDp8uXVAyX_Re7ijsCaPew4WwoCIqie8sTfImZwGjy3rN6yfQNjGFC8pnpPn9wyur3j7pcY4OdS9CbpHTrdeoYjV2YbHk4OIngZQ","2021-06-12T19:08:38.752059",1623524816,1623529114,NA,"0xfa97c8b9d289fd2a66e1fb14557f53b6d818d0b5",2.2032,"ETH","4 Axel-Springer-Str","https://map.cryptovoxels.com/tile/parcel?x=-6.83&y=-6.645","-6.83","-6.645","146m² parcel on Berlin, 943m from the origin, with a 11m build height, floor is at 0m elevation",146.789991018366,21,7,11,0,"Berlin","plot","https://www.cryptovoxels.com/parcels/3961",NA,"2021-06-12T20:18:34"
NA,"2432",2,"https://lh3.googleusercontent.com/Ri1R7NFJNLW5_Z_tJbddqykaloVz32z6RK2BN8F-uaYmNKM4Mx1YJ5fwhXPEge9bIzV4u1i0wUNoKL9y1TZ4meRcdiVVM_DGIwa9K44","2021-06-12T19:55:29.828615",1623527602,0,"Gareth","0x40a628d16be2ba6956f60402b17f52e8bfe32497",5,"ETH","3 Slide Route","https://map.cryptovoxels.com/tile/parcel?x=-2.79&y=4.025","-2.79","4.025","133m² parcel near Rome in Origin City, 481m from the origin, with a 11m build height and near to Slide Route, Dot Extension, Batch Throughway and Cause Route",133,19,7,11,0,"Origin City","plot","https://www.cryptovoxels.com/parcels/2432","Rome",NA
NA,"3961",2,"https://lh3.googleusercontent.com/EMIDp8uXVAyX_Re7ijsCaPew4WwoCIqie8sTfImZwGjy3rN6yfQNjGFC8pnpPn9wyur3j7pcY4OdS9CbpHTrdeoYjV2YbHk4OIngZQ","2021-06-12T19:50:48.611561",1623527343,1623531642,NA,"0xfa97c8b9d289fd2a66e1fb14557f53b6d818d0b5",2.2032,"ETH","4 Axel-Springer-Str","https://map.cryptovoxels.com/tile/parcel?x=-6.83&y=-6.645","-6.83","-6.645","146m² parcel on Berlin, 943m from the origin, with a 11m build height, floor is at 0m elevation",146.789991018366,21,7,11,0,"Berlin","plot","https://www.cryptovoxels.com/parcels/3961",NA,"2021-06-12T21:00:42"
NA,"3961",2,"https://lh3.googleusercontent.com/EMIDp8uXVAyX_Re7ijsCaPew4WwoCIqie8sTfImZwGjy3rN6yfQNjGFC8pnpPn9wyur3j7pcY4OdS9CbpHTrdeoYjV2YbHk4OIngZQ","2021-06-12T19:39:35.945332",1623526671,1623530970,NA,"0xfa97c8b9d289fd2a66e1fb14557f53b6d818d0b5",2.2032,"ETH","4 Axel-Springer-Str","https://map.cryptovoxels.com/tile/parcel?x=-6.83&y=-6.645","-6.83","-6.645","146m² parcel on Berlin, 943m from the origin, with a 11m build height, floor is at 0m elevation",146.789991018366,21,7,11,0,"Berlin","plot","https://www.cryptovoxels.com/parcels/3961",NA,"2021-06-12T20:49:30"
NA,"3674",2,"https://lh3.googleusercontent.com/yVpRcQ-K5C0EYSmg1r-CtkDCG1Xv39rccOME3IyS5uvh5xxuUUxrQtuHSTDz7Z_VNH-l28xiwG5hH1r9XdABKg6p","2021-06-12T20:24:45.060954",1623529380,1623533679,NA,"0xfa97c8b9d289fd2a66e1fb14557f53b6d818d0b5",1.73,"ETH","314 Euro Tower","https://map.cryptovoxels.com/tile/parcel?x=-0.60&y=6.555","-0.60","6.555","143m² parcel on Euro, 652m from the origin, with a 7m build height, floor is at 14m elevation",143,13,11,7,14,"Euro","unit","https://www.cryptovoxels.com/parcels/3674",NA,"2021-06-12T21:34:39"
NA,"3961",2,"https://lh3.googleusercontent.com/EMIDp8uXVAyX_Re7ijsCaPew4WwoCIqie8sTfImZwGjy3rN6yfQNjGFC8pnpPn9wyur3j7pcY4OdS9CbpHTrdeoYjV2YbHk4OIngZQ","2021-06-12T20:22:24.196761",1623529240,1623533539,NA,"0xfa97c8b9d289fd2a66e1fb14557f53b6d818d0b5",2.2032,"ETH","4 Axel-Springer-Str","https://map.cryptovoxels.com/tile/parcel?x=-6.83&y=-6.645","-6.83","-6.645","146m² parcel on Berlin, 943m from the origin, with a 11m build height, floor is at 0m elevation",146.789991018366,21,7,11,0,"Berlin","plot","https://www.cryptovoxels.com/parcels/3961",NA,"2021-06-12T21:32:19"
NA,"3674",2,"https://lh3.googleusercontent.com/yVpRcQ-K5C0EYSmg1r-CtkDCG1Xv39rccOME3IyS5uvh5xxuUUxrQtuHSTDz7Z_VNH-l28xiwG5hH1r9XdABKg6p","2021-06-12T20:13:11.159450",1623528689,1623532988,NA,"0xfa97c8b9d289fd2a66e1fb14557f53b6d818d0b5",1.73,"ETH","314 Euro Tower","https://map.cryptovoxels.com/tile/parcel?x=-0.60&y=6.555","-0.60","6.555","143m² parcel on Euro, 652m from the origin, with a 7m build height, floor is at 14m elevation",143,13,11,7,14,"Euro","unit","https://www.cryptovoxels.com/parcels/3674",NA,"2021-06-12T21:23:08"
NA,"3961",2,"https://lh3.googleusercontent.com/EMIDp8uXVAyX_Re7ijsCaPew4WwoCIqie8sTfImZwGjy3rN6yfQNjGFC8pnpPn9wyur3j7pcY4OdS9CbpHTrdeoYjV2YbHk4OIngZQ","2021-06-12T20:10:52.471538",1623528549,1623532848,NA,"0xfa97c8b9d289fd2a66e1fb14557f53b6d818d0b5",2.2032,"ETH","4 Axel-Springer-Str","https://map.cryptovoxels.com/tile/parcel?x=-6.83&y=-6.645","-6.83","-6.645","146m² parcel on Berlin, 943m from the origin, with a 11m build height, floor is at 0m elevation",146.789991018366,21,7,11,0,"Berlin","plot","https://www.cryptovoxels.com/parcels/3961",NA,"2021-06-12T21:20:48"
NA,"3674",2,"https://lh3.googleusercontent.com/yVpRcQ-K5C0EYSmg1r-CtkDCG1Xv39rccOME3IyS5uvh5xxuUUxrQtuHSTDz7Z_VNH-l28xiwG5hH1r9XdABKg6p","2021-06-12T20:03:05.754074",1623528083,1623532383,NA,"0xfa97c8b9d289fd2a66e1fb14557f53b6d818d0b5",1.73,"ETH","314 Euro Tower","https://map.cryptovoxels.com/tile/parcel?x=-0.60&y=6.555","-0.60","6.555","143m² parcel on Euro, 652m from the origin, with a 7m build height, floor is at 14m elevation",143,13,11,7,14,"Euro","unit","https://www.cryptovoxels.com/parcels/3674",NA,"2021-06-12T21:13:03"
NA,"3961",2,"https://lh3.googleusercontent.com/EMIDp8uXVAyX_Re7ijsCaPew4WwoCIqie8sTfImZwGjy3rN6yfQNjGFC8pnpPn9wyur3j7pcY4OdS9CbpHTrdeoYjV2YbHk4OIngZQ","2021-06-12T20:00:55.898341",1623527950,1623532250,NA,"0xfa97c8b9d289fd2a66e1fb14557f53b6d818d0b5",2.2032,"ETH","4 Axel-Springer-Str","https://map.cryptovoxels.com/tile/parcel?x=-6.83&y=-6.645","-6.83","-6.645","146m² parcel on Berlin, 943m from the origin, with a 11m build height, floor is at 0m elevation",146.789991018366,21,7,11,0,"Berlin","plot","https://www.cryptovoxels.com/parcels/3961",NA,"2021-06-12T21:10:50"
NA,"3674",2,"https://lh3.googleusercontent.com/yVpRcQ-K5C0EYSmg1r-CtkDCG1Xv39rccOME3IyS5uvh5xxuUUxrQtuHSTDz7Z_VNH-l28xiwG5hH1r9XdABKg6p","2021-06-12T20:54:57.903759",1623531193,1623535492,NA,"0xfa97c8b9d289fd2a66e1fb14557f53b6d818d0b5",1.73,"ETH","314 Euro Tower","https://map.cryptovoxels.com/tile/parcel?x=-0.60&y=6.555","-0.60","6.555","143m² parcel on Euro, 652m from the origin, with a 7m build height, floor is at 14m elevation",143,13,11,7,14,"Euro","unit","https://www.cryptovoxels.com/parcels/3674",NA,"2021-06-12T22:04:52"
NA,"3961",2,"https://lh3.googleusercontent.com/EMIDp8uXVAyX_Re7ijsCaPew4WwoCIqie8sTfImZwGjy3rN6yfQNjGFC8pnpPn9wyur3j7pcY4OdS9CbpHTrdeoYjV2YbHk4OIngZQ","2021-06-12T20:52:48.761000",1623531066,1623535366,NA,"0xfa97c8b9d289fd2a66e1fb14557f53b6d818d0b5",2.2032,"ETH","4 Axel-Springer-Str","https://map.cryptovoxels.com/tile/parcel?x=-6.83&y=-6.645","-6.83","-6.645","146m² parcel on Berlin, 943m from the origin, with a 11m build height, floor is at 0m elevation",146.789991018366,21,7,11,0,"Berlin","plot","https://www.cryptovoxels.com/parcels/3961",NA,"2021-06-12T22:02:46"
NA,"3674",2,"https://lh3.googleusercontent.com/yVpRcQ-K5C0EYSmg1r-CtkDCG1Xv39rccOME3IyS5uvh5xxuUUxrQtuHSTDz7Z_VNH-l28xiwG5hH1r9XdABKg6p","2021-06-12T20:44:15.614180",1623530550,1623534849,NA,"0xfa97c8b9d289fd2a66e1fb14557f53b6d818d0b5",1.73,"ETH","314 Euro Tower","https://map.cryptovoxels.com/tile/parcel?x=-0.60&y=6.555","-0.60","6.555","143m² parcel on Euro, 652m from the origin, with a 7m build height, floor is at 14m elevation",143,13,11,7,14,"Euro","unit","https://www.cryptovoxels.com/parcels/3674",NA,"2021-06-12T21:54:09"
NA,"3961",2,"https://lh3.googleusercontent.com/EMIDp8uXVAyX_Re7ijsCaPew4WwoCIqie8sTfImZwGjy3rN6yfQNjGFC8pnpPn9wyur3j7pcY4OdS9CbpHTrdeoYjV2YbHk4OIngZQ","2021-06-12T20:41:53.381501",1623530410,1623534708,NA,"0xfa97c8b9d289fd2a66e1fb14557f53b6d818d0b5",2.2032,"ETH","4 Axel-Springer-Str","https://map.cryptovoxels.com/tile/parcel?x=-6.83&y=-6.645","-6.83","-6.645","146m² parcel on Berlin, 943m from the origin, with a 11m build height, floor is at 0m elevation",146.789991018366,21,7,11,0,"Berlin","plot","https://www.cryptovoxels.com/parcels/3961",NA,"2021-06-12T21:51:48"
NA,"3674",2,"https://lh3.googleusercontent.com/yVpRcQ-K5C0EYSmg1r-CtkDCG1Xv39rccOME3IyS5uvh5xxuUUxrQtuHSTDz7Z_VNH-l28xiwG5hH1r9XdABKg6p","2021-06-12T20:34:11.023462",1623529943,1623534243,NA,"0xfa97c8b9d289fd2a66e1fb14557f53b6d818d0b5",1.73,"ETH","314 Euro Tower","https://map.cryptovoxels.com/tile/parcel?x=-0.60&y=6.555","-0.60","6.555","143m² parcel on Euro, 652m from the origin, with a 7m build height, floor is at 14m elevation",143,13,11,7,14,"Euro","unit","https://www.cryptovoxels.com/parcels/3674",NA,"2021-06-12T21:44:03"
NA,"3961",2,"https://lh3.googleusercontent.com/EMIDp8uXVAyX_Re7ijsCaPew4WwoCIqie8sTfImZwGjy3rN6yfQNjGFC8pnpPn9wyur3j7pcY4OdS9CbpHTrdeoYjV2YbHk4OIngZQ","2021-06-12T20:31:58.653046",1623529813,1623534111,NA,"0xfa97c8b9d289fd2a66e1fb14557f53b6d818d0b5",2.2032,"ETH","4 Axel-Springer-Str","https://map.cryptovoxels.com/tile/parcel?x=-6.83&y=-6.645","-6.83","-6.645","146m² parcel on Berlin, 943m from the origin, with a 11m build height, floor is at 0m elevation",146.789991018366,21,7,11,0,"Berlin","plot","https://www.cryptovoxels.com/parcels/3961",NA,"2021-06-12T21:41:51"
NA,"3674",2,"https://lh3.googleusercontent.com/yVpRcQ-K5C0EYSmg1r-CtkDCG1Xv39rccOME3IyS5uvh5xxuUUxrQtuHSTDz7Z_VNH-l28xiwG5hH1r9XdABKg6p","2021-06-12T21:25:54.180854",1623533052,1623537351,NA,"0xfa97c8b9d289fd2a66e1fb14557f53b6d818d0b5",1.73,"ETH","314 Euro Tower","https://map.cryptovoxels.com/tile/parcel?x=-0.60&y=6.555","-0.60","6.555","143m² parcel on Euro, 652m from the origin, with a 7m build height, floor is at 14m elevation",143,13,11,7,14,"Euro","unit","https://www.cryptovoxels.com/parcels/3674",NA,"2021-06-12T22:35:51"
NA,"3961",2,"https://lh3.googleusercontent.com/EMIDp8uXVAyX_Re7ijsCaPew4WwoCIqie8sTfImZwGjy3rN6yfQNjGFC8pnpPn9wyur3j7pcY4OdS9CbpHTrdeoYjV2YbHk4OIngZQ","2021-06-12T21:23:49.080881",1623532926,1623537225,NA,"0xfa97c8b9d289fd2a66e1fb14557f53b6d818d0b5",2.2032,"ETH","4 Axel-Springer-Str","https://map.cryptovoxels.com/tile/parcel?x=-6.83&y=-6.645","-6.83","-6.645","146m² parcel on Berlin, 943m from the origin, with a 11m build height, floor is at 0m elevation",146.789991018366,21,7,11,0,"Berlin","plot","https://www.cryptovoxels.com/parcels/3961",NA,"2021-06-12T22:33:45"
NA,"3674",2,"https://lh3.googleusercontent.com/yVpRcQ-K5C0EYSmg1r-CtkDCG1Xv39rccOME3IyS5uvh5xxuUUxrQtuHSTDz7Z_VNH-l28xiwG5hH1r9XdABKg6p","2021-06-12T21:14:34.126785",1623532371,1623536671,NA,"0xfa97c8b9d289fd2a66e1fb14557f53b6d818d0b5",1.73,"ETH","314 Euro Tower","https://map.cryptovoxels.com/tile/parcel?x=-0.60&y=6.555","-0.60","6.555","143m² parcel on Euro, 652m from the origin, with a 7m build height, floor is at 14m elevation",143,13,11,7,14,"Euro","unit","https://www.cryptovoxels.com/parcels/3674",NA,"2021-06-12T22:24:31"
NA,"3961",2,"https://lh3.googleusercontent.com/EMIDp8uXVAyX_Re7ijsCaPew4WwoCIqie8sTfImZwGjy3rN6yfQNjGFC8pnpPn9wyur3j7pcY4OdS9CbpHTrdeoYjV2YbHk4OIngZQ","2021-06-12T21:12:33.716679",1623532251,1623536549,NA,"0xfa97c8b9d289fd2a66e1fb14557f53b6d818d0b5",2.2032,"ETH","4 Axel-Springer-Str","https://map.cryptovoxels.com/tile/parcel?x=-6.83&y=-6.645","-6.83","-6.645","146m² parcel on Berlin, 943m from the origin, with a 11m build height, floor is at 0m elevation",146.789991018366,21,7,11,0,"Berlin","plot","https://www.cryptovoxels.com/parcels/3961",NA,"2021-06-12T22:22:29"
NA,"3674",2,"https://lh3.googleusercontent.com/yVpRcQ-K5C0EYSmg1r-CtkDCG1Xv39rccOME3IyS5uvh5xxuUUxrQtuHSTDz7Z_VNH-l28xiwG5hH1r9XdABKg6p","2021-06-12T21:05:24.556136",1623531819,1623536119,NA,"0xfa97c8b9d289fd2a66e1fb14557f53b6d818d0b5",1.73,"ETH","314 Euro Tower","https://map.cryptovoxels.com/tile/parcel?x=-0.60&y=6.555","-0.60","6.555","143m² parcel on Euro, 652m from the origin, with a 7m build height, floor is at 14m elevation",143,13,11,7,14,"Euro","unit","https://www.cryptovoxels.com/parcels/3674",NA,"2021-06-12T22:15:19"
NA,"3961",2,"https://lh3.googleusercontent.com/EMIDp8uXVAyX_Re7ijsCaPew4WwoCIqie8sTfImZwGjy3rN6yfQNjGFC8pnpPn9wyur3j7pcY4OdS9CbpHTrdeoYjV2YbHk4OIngZQ","2021-06-12T21:02:58.992063",1623531673,1623535972,NA,"0xfa97c8b9d289fd2a66e1fb14557f53b6d818d0b5",2.2032,"ETH","4 Axel-Springer-Str","https://map.cryptovoxels.com/tile/parcel?x=-6.83&y=-6.645","-6.83","-6.645","146m² parcel on Berlin, 943m from the origin, with a 11m build height, floor is at 0m elevation",146.789991018366,21,7,11,0,"Berlin","plot","https://www.cryptovoxels.com/parcels/3961",NA,"2021-06-12T22:12:52"
NA,"3674",2,"https://lh3.googleusercontent.com/yVpRcQ-K5C0EYSmg1r-CtkDCG1Xv39rccOME3IyS5uvh5xxuUUxrQtuHSTDz7Z_VNH-l28xiwG5hH1r9XdABKg6p","2021-06-12T21:57:35.552285",1623534950,1623539250,NA,"0xfa97c8b9d289fd2a66e1fb14557f53b6d818d0b5",1.73,"ETH","314 Euro Tower","https://map.cryptovoxels.com/tile/parcel?x=-0.60&y=6.555","-0.60","6.555","143m² parcel on Euro, 652m from the origin, with a 7m build height, floor is at 14m elevation",143,13,11,7,14,"Euro","unit","https://www.cryptovoxels.com/parcels/3674",NA,"2021-06-12T23:07:30"
NA,"3961",2,"https://lh3.googleusercontent.com/EMIDp8uXVAyX_Re7ijsCaPew4WwoCIqie8sTfImZwGjy3rN6yfQNjGFC8pnpPn9wyur3j7pcY4OdS9CbpHTrdeoYjV2YbHk4OIngZQ","2021-06-12T21:55:05.940381",1623534803,1623539101,NA,"0xfa97c8b9d289fd2a66e1fb14557f53b6d818d0b5",2.2032,"ETH","4 Axel-Springer-Str","https://map.cryptovoxels.com/tile/parcel?x=-6.83&y=-6.645","-6.83","-6.645","146m² parcel on Berlin, 943m from the origin, with a 11m build height, floor is at 0m elevation",146.789991018366,21,7,11,0,"Berlin","plot","https://www.cryptovoxels.com/parcels/3961",NA,"2021-06-12T23:05:01"
NA,"3674",2,"https://lh3.googleusercontent.com/yVpRcQ-K5C0EYSmg1r-CtkDCG1Xv39rccOME3IyS5uvh5xxuUUxrQtuHSTDz7Z_VNH-l28xiwG5hH1r9XdABKg6p","2021-06-12T21:46:06.920849",1623534264,1623538563,NA,"0xfa97c8b9d289fd2a66e1fb14557f53b6d818d0b5",1.73,"ETH","314 Euro Tower","https://map.cryptovoxels.com/tile/parcel?x=-0.60&y=6.555","-0.60","6.555","143m² parcel on Euro, 652m from the origin, with a 7m build height, floor is at 14m elevation",143,13,11,7,14,"Euro","unit","https://www.cryptovoxels.com/parcels/3674",NA,"2021-06-12T22:56:03"
NA,"3961",2,"https://lh3.googleusercontent.com/EMIDp8uXVAyX_Re7ijsCaPew4WwoCIqie8sTfImZwGjy3rN6yfQNjGFC8pnpPn9wyur3j7pcY4OdS9CbpHTrdeoYjV2YbHk4OIngZQ","2021-06-12T21:44:01.038448",1623534136,1623538435,NA,"0xfa97c8b9d289fd2a66e1fb14557f53b6d818d0b5",2.2032,"ETH","4 Axel-Springer-Str","https://map.cryptovoxels.com/tile/parcel?x=-6.83&y=-6.645","-6.83","-6.645","146m² parcel on Berlin, 943m from the origin, with a 11m build height, floor is at 0m elevation",146.789991018366,21,7,11,0,"Berlin","plot","https://www.cryptovoxels.com/parcels/3961",NA,"2021-06-12T22:53:55"
NA,"3674",2,"https://lh3.googleusercontent.com/yVpRcQ-K5C0EYSmg1r-CtkDCG1Xv39rccOME3IyS5uvh5xxuUUxrQtuHSTDz7Z_VNH-l28xiwG5hH1r9XdABKg6p","2021-06-12T21:36:23.312683",1623533681,1623537980,NA,"0xfa97c8b9d289fd2a66e1fb14557f53b6d818d0b5",1.73,"ETH","314 Euro Tower","https://map.cryptovoxels.com/tile/parcel?x=-0.60&y=6.555","-0.60","6.555","143m² parcel on Euro, 652m from the origin, with a 7m build height, floor is at 14m elevation",143,13,11,7,14,"Euro","unit","https://www.cryptovoxels.com/parcels/3674",NA,"2021-06-12T22:46:20"
NA,"3961",2,"https://lh3.googleusercontent.com/EMIDp8uXVAyX_Re7ijsCaPew4WwoCIqie8sTfImZwGjy3rN6yfQNjGFC8pnpPn9wyur3j7pcY4OdS9CbpHTrdeoYjV2YbHk4OIngZQ","2021-06-12T21:34:02.789011",1623533537,1623537836,NA,"0xfa97c8b9d289fd2a66e1fb14557f53b6d818d0b5",2.2032,"ETH","4 Axel-Springer-Str","https://map.cryptovoxels.com/tile/parcel?x=-6.83&y=-6.645","-6.83","-6.645","146m² parcel on Berlin, 943m from the origin, with a 11m build height, floor is at 0m elevation",146.789991018366,21,7,11,0,"Berlin","plot","https://www.cryptovoxels.com/parcels/3961",NA,"2021-06-12T22:43:56"
NA,"3674",2,"https://lh3.googleusercontent.com/yVpRcQ-K5C0EYSmg1r-CtkDCG1Xv39rccOME3IyS5uvh5xxuUUxrQtuHSTDz7Z_VNH-l28xiwG5hH1r9XdABKg6p","2021-06-12T22:28:05.438011",1623536779,1623541079,NA,"0xfa97c8b9d289fd2a66e1fb14557f53b6d818d0b5",1.73,"ETH","314 Euro Tower","https://map.cryptovoxels.com/tile/parcel?x=-0.60&y=6.555","-0.60","6.555","143m² parcel on Euro, 652m from the origin, with a 7m build height, floor is at 14m elevation",143,13,11,7,14,"Euro","unit","https://www.cryptovoxels.com/parcels/3674",NA,"2021-06-12T23:37:59"
NA,"3961",2,"https://lh3.googleusercontent.com/EMIDp8uXVAyX_Re7ijsCaPew4WwoCIqie8sTfImZwGjy3rN6yfQNjGFC8pnpPn9wyur3j7pcY4OdS9CbpHTrdeoYjV2YbHk4OIngZQ","2021-06-12T22:25:43.864094",1623536640,1623540939,NA,"0xfa97c8b9d289fd2a66e1fb14557f53b6d818d0b5",2.2032,"ETH","4 Axel-Springer-Str","https://map.cryptovoxels.com/tile/parcel?x=-6.83&y=-6.645","-6.83","-6.645","146m² parcel on Berlin, 943m from the origin, with a 11m build height, floor is at 0m elevation",146.789991018366,21,7,11,0,"Berlin","plot","https://www.cryptovoxels.com/parcels/3961",NA,"2021-06-12T23:35:39"
NA,"3674",2,"https://lh3.googleusercontent.com/yVpRcQ-K5C0EYSmg1r-CtkDCG1Xv39rccOME3IyS5uvh5xxuUUxrQtuHSTDz7Z_VNH-l28xiwG5hH1r9XdABKg6p","2021-06-12T22:17:11.257362",1623536129,1623540423,NA,"0xfa97c8b9d289fd2a66e1fb14557f53b6d818d0b5",1.73,"ETH","314 Euro Tower","https://map.cryptovoxels.com/tile/parcel?x=-0.60&y=6.555","-0.60","6.555","143m² parcel on Euro, 652m from the origin, with a 7m build height, floor is at 14m elevation",143,13,11,7,14,"Euro","unit","https://www.cryptovoxels.com/parcels/3674",NA,"2021-06-12T23:27:03"
NA,"3961",2,"https://lh3.googleusercontent.com/EMIDp8uXVAyX_Re7ijsCaPew4WwoCIqie8sTfImZwGjy3rN6yfQNjGFC8pnpPn9wyur3j7pcY4OdS9CbpHTrdeoYjV2YbHk4OIngZQ","2021-06-12T22:14:52.323338",1623535987,1623540286,NA,"0xfa97c8b9d289fd2a66e1fb14557f53b6d818d0b5",2.2032,"ETH","4 Axel-Springer-Str","https://map.cryptovoxels.com/tile/parcel?x=-6.83&y=-6.645","-6.83","-6.645","146m² parcel on Berlin, 943m from the origin, with a 11m build height, floor is at 0m elevation",146.789991018366,21,7,11,0,"Berlin","plot","https://www.cryptovoxels.com/parcels/3961",NA,"2021-06-12T23:24:46"
NA,"3674",2,"https://lh3.googleusercontent.com/yVpRcQ-K5C0EYSmg1r-CtkDCG1Xv39rccOME3IyS5uvh5xxuUUxrQtuHSTDz7Z_VNH-l28xiwG5hH1r9XdABKg6p","2021-06-12T22:07:13.100457",1623535528,1623539827,NA,"0xfa97c8b9d289fd2a66e1fb14557f53b6d818d0b5",1.73,"ETH","314 Euro Tower","https://map.cryptovoxels.com/tile/parcel?x=-0.60&y=6.555","-0.60","6.555","143m² parcel on Euro, 652m from the origin, with a 7m build height, floor is at 14m elevation",143,13,11,7,14,"Euro","unit","https://www.cryptovoxels.com/parcels/3674",NA,"2021-06-12T23:17:07"
NA,"3961",2,"https://lh3.googleusercontent.com/EMIDp8uXVAyX_Re7ijsCaPew4WwoCIqie8sTfImZwGjy3rN6yfQNjGFC8pnpPn9wyur3j7pcY4OdS9CbpHTrdeoYjV2YbHk4OIngZQ","2021-06-12T22:04:57.904696",1623535392,1623539691,NA,"0xfa97c8b9d289fd2a66e1fb14557f53b6d818d0b5",2.2032,"ETH","4 Axel-Springer-Str","https://map.cryptovoxels.com/tile/parcel?x=-6.83&y=-6.645","-6.83","-6.645","146m² parcel on Berlin, 943m from the origin, with a 11m build height, floor is at 0m elevation",146.789991018366,21,7,11,0,"Berlin","plot","https://www.cryptovoxels.com/parcels/3961",NA,"2021-06-12T23:14:51"
NA,"3674",2,"https://lh3.googleusercontent.com/yVpRcQ-K5C0EYSmg1r-CtkDCG1Xv39rccOME3IyS5uvh5xxuUUxrQtuHSTDz7Z_VNH-l28xiwG5hH1r9XdABKg6p","2021-06-12T22:59:23.408540",1623538656,1623542955,NA,"0xfa97c8b9d289fd2a66e1fb14557f53b6d818d0b5",1.73,"ETH","314 Euro Tower","https://map.cryptovoxels.com/tile/parcel?x=-0.60&y=6.555","-0.60","6.555","143m² parcel on Euro, 652m from the origin, with a 7m build height, floor is at 14m elevation",143,13,11,7,14,"Euro","unit","https://www.cryptovoxels.com/parcels/3674",NA,"2021-06-13T00:09:15"
NA,"3961",2,"https://lh3.googleusercontent.com/EMIDp8uXVAyX_Re7ijsCaPew4WwoCIqie8sTfImZwGjy3rN6yfQNjGFC8pnpPn9wyur3j7pcY4OdS9CbpHTrdeoYjV2YbHk4OIngZQ","2021-06-12T22:56:55.053327",1623538512,1623542811,NA,"0xfa97c8b9d289fd2a66e1fb14557f53b6d818d0b5",2.2032,"ETH","4 Axel-Springer-Str","https://map.cryptovoxels.com/tile/parcel?x=-6.83&y=-6.645","-6.83","-6.645","146m² parcel on Berlin, 943m from the origin, with a 11m build height, floor is at 0m elevation",146.789991018366,21,7,11,0,"Berlin","plot","https://www.cryptovoxels.com/parcels/3961",NA,"2021-06-13T00:06:51"
NA,"3674",2,"https://lh3.googleusercontent.com/yVpRcQ-K5C0EYSmg1r-CtkDCG1Xv39rccOME3IyS5uvh5xxuUUxrQtuHSTDz7Z_VNH-l28xiwG5hH1r9XdABKg6p","2021-06-12T22:48:08.989330",1623537983,1623542281,NA,"0xfa97c8b9d289fd2a66e1fb14557f53b6d818d0b5",1.73,"ETH","314 Euro Tower","https://map.cryptovoxels.com/tile/parcel?x=-0.60&y=6.555","-0.60","6.555","143m² parcel on Euro, 652m from the origin, with a 7m build height, floor is at 14m elevation",143,13,11,7,14,"Euro","unit","https://www.cryptovoxels.com/parcels/3674",NA,"2021-06-12T23:58:01"
NA,"3961",2,"https://lh3.googleusercontent.com/EMIDp8uXVAyX_Re7ijsCaPew4WwoCIqie8sTfImZwGjy3rN6yfQNjGFC8pnpPn9wyur3j7pcY4OdS9CbpHTrdeoYjV2YbHk4OIngZQ","2021-06-12T22:45:55.552380",1623537850,1623542149,NA,"0xfa97c8b9d289fd2a66e1fb14557f53b6d818d0b5",2.2032,"ETH","4 Axel-Springer-Str","https://map.cryptovoxels.com/tile/parcel?x=-6.83&y=-6.645","-6.83","-6.645","146m² parcel on Berlin, 943m from the origin, with a 11m build height, floor is at 0m elevation",146.789991018366,21,7,11,0,"Berlin","plot","https://www.cryptovoxels.com/parcels/3961",NA,"2021-06-12T23:55:49"
NA,"3674",2,"https://lh3.googleusercontent.com/yVpRcQ-K5C0EYSmg1r-CtkDCG1Xv39rccOME3IyS5uvh5xxuUUxrQtuHSTDz7Z_VNH-l28xiwG5hH1r9XdABKg6p","2021-06-12T22:38:44.404180",1623537419,1623541718,NA,"0xfa97c8b9d289fd2a66e1fb14557f53b6d818d0b5",1.73,"ETH","314 Euro Tower","https://map.cryptovoxels.com/tile/parcel?x=-0.60&y=6.555","-0.60","6.555","143m² parcel on Euro, 652m from the origin, with a 7m build height, floor is at 14m elevation",143,13,11,7,14,"Euro","unit","https://www.cryptovoxels.com/parcels/3674",NA,"2021-06-12T23:48:38"
NA,"3961",2,"https://lh3.googleusercontent.com/EMIDp8uXVAyX_Re7ijsCaPew4WwoCIqie8sTfImZwGjy3rN6yfQNjGFC8pnpPn9wyur3j7pcY4OdS9CbpHTrdeoYjV2YbHk4OIngZQ","2021-06-12T22:36:21.618166",1623537276,1623541575,NA,"0xfa97c8b9d289fd2a66e1fb14557f53b6d818d0b5",2.2032,"ETH","4 Axel-Springer-Str","https://map.cryptovoxels.com/tile/parcel?x=-6.83&y=-6.645","-6.83","-6.645","146m² parcel on Berlin, 943m from the origin, with a 11m build height, floor is at 0m elevation",146.789991018366,21,7,11,0,"Berlin","plot","https://www.cryptovoxels.com/parcels/3961",NA,"2021-06-12T23:46:15"
NA,"3961",2,"https://lh3.googleusercontent.com/EMIDp8uXVAyX_Re7ijsCaPew4WwoCIqie8sTfImZwGjy3rN6yfQNjGFC8pnpPn9wyur3j7pcY4OdS9CbpHTrdeoYjV2YbHk4OIngZQ","2021-06-12T23:28:06.616735",1623540381,1623544681,NA,"0xfa97c8b9d289fd2a66e1fb14557f53b6d818d0b5",2.2032,"ETH","4 Axel-Springer-Str","https://map.cryptovoxels.com/tile/parcel?x=-6.83&y=-6.645","-6.83","-6.645","146m² parcel on Berlin, 943m from the origin, with a 11m build height, floor is at 0m elevation",146.789991018366,21,7,11,0,"Berlin","plot","https://www.cryptovoxels.com/parcels/3961",NA,"2021-06-13T00:38:01"
NA,"3674",2,"https://lh3.googleusercontent.com/yVpRcQ-K5C0EYSmg1r-CtkDCG1Xv39rccOME3IyS5uvh5xxuUUxrQtuHSTDz7Z_VNH-l28xiwG5hH1r9XdABKg6p","2021-06-12T23:19:15.956239",1623539851,1623544150,NA,"0xfa97c8b9d289fd2a66e1fb14557f53b6d818d0b5",1.73,"ETH","314 Euro Tower","https://map.cryptovoxels.com/tile/parcel?x=-0.60&y=6.555","-0.60","6.555","143m² parcel on Euro, 652m from the origin, with a 7m build height, floor is at 14m elevation",143,13,11,7,14,"Euro","unit","https://www.cryptovoxels.com/parcels/3674",NA,"2021-06-13T00:29:10"
NA,"3961",2,"https://lh3.googleusercontent.com/EMIDp8uXVAyX_Re7ijsCaPew4WwoCIqie8sTfImZwGjy3rN6yfQNjGFC8pnpPn9wyur3j7pcY4OdS9CbpHTrdeoYjV2YbHk4OIngZQ","2021-06-12T23:16:55.039781",1623539708,1623544007,NA,"0xfa97c8b9d289fd2a66e1fb14557f53b6d818d0b5",2.2032,"ETH","4 Axel-Springer-Str","https://map.cryptovoxels.com/tile/parcel?x=-6.83&y=-6.645","-6.83","-6.645","146m² parcel on Berlin, 943m from the origin, with a 11m build height, floor is at 0m elevation",146.789991018366,21,7,11,0,"Berlin","plot","https://www.cryptovoxels.com/parcels/3961",NA,"2021-06-13T00:26:47"
NA,"3674",2,"https://lh3.googleusercontent.com/yVpRcQ-K5C0EYSmg1r-CtkDCG1Xv39rccOME3IyS5uvh5xxuUUxrQtuHSTDz7Z_VNH-l28xiwG5hH1r9XdABKg6p","2021-06-12T23:09:07.418211",1623539245,1623543544,NA,"0xfa97c8b9d289fd2a66e1fb14557f53b6d818d0b5",1.73,"ETH","314 Euro Tower","https://map.cryptovoxels.com/tile/parcel?x=-0.60&y=6.555","-0.60","6.555","143m² parcel on Euro, 652m from the origin, with a 7m build height, floor is at 14m elevation",143,13,11,7,14,"Euro","unit","https://www.cryptovoxels.com/parcels/3674",NA,"2021-06-13T00:19:04"
NA,"3961",2,"https://lh3.googleusercontent.com/EMIDp8uXVAyX_Re7ijsCaPew4WwoCIqie8sTfImZwGjy3rN6yfQNjGFC8pnpPn9wyur3j7pcY4OdS9CbpHTrdeoYjV2YbHk4OIngZQ","2021-06-12T23:07:03.892032",1623539118,1623543417,NA,"0xfa97c8b9d289fd2a66e1fb14557f53b6d818d0b5",2.2032,"ETH","4 Axel-Springer-Str","https://map.cryptovoxels.com/tile/parcel?x=-6.83&y=-6.645","-6.83","-6.645","146m² parcel on Berlin, 943m from the origin, with a 11m build height, floor is at 0m elevation",146.789991018366,21,7,11,0,"Berlin","plot","https://www.cryptovoxels.com/parcels/3961",NA,"2021-06-13T00:16:57"
